?fade;1;2;3;4;5;6;7;8;9;10;11;12;13;14;15;16;17;18;19;20;21;22;23;24;25;26;27;28;29;30;31;32;33;34;35;36;37;38;39;40;41;42;43;44;45;46;47;48;49;50;51;52;53;54;55;56;57;58;59;60
1;1;0;0;1;1;0;1;0;1;0;0;1;1;0;1;0;1;0;0;1;1;0;1;0;1;0;1;0;1;0;1;0;1;0;0;1;1;0;1;0;1;0;0;1;1;0;1;0;1;0;0;1;1;0;0;1;1;0;0;1
3;1;0;1;0;1;0;1;0;1;0;1;0;1;0;1;0;0;1;1;0;1;0;0;0;0;1;1;0;1;0;1;0;1;0;0;1;1;0;1;0;1;0;1;0;1;0;1;0;0;1;1;0;0;1;0;1;0;1;0;1
4;0;1;1;0;1;0;0;1;1;0;0;1;1;0;1;0;1;0;0;1;1;0;1;0;0;1;1;0;1;0;1;0;1;0;1;0;0;1;1;0;1;0;0;1;1;0;1;0;1;0;1;0;1;0;0;1;1;0;1;0
5;0;1;0;1;1;0;0;1;1;0;0;1;0;1;1;0;1;0;1;0;0;1;1;0;0;1;1;0;0;1;1;0;0;1;1;0;0;1;1;0;0;1;0;1;1;0;1;0;1;0;1;0;0;1;1;0;1;0;0;1
6;1;0;0;1;1;0;1;0;1;0;0;1;0;1;0;1;1;0;0;1;1;0;1;0;0;1;1;0;1;0;1;0;1;0;1;0;0;1;1;0;1;0;1;0;1;0;1;0;0;1;1;0;1;0;1;0;1;0;0;1
7;1;0;0;1;0;1;1;0;1;0;0;1;1;0;1;0;1;0;0;1;1;0;1;0;0;1;1;0;1;0;1;0;1;0;0;0;0;1;1;0;1;0;1;0;1;0;1;0;1;0;0;1;1;0;1;0;1;0;0;1
8;1;0;0;1;1;0;1;0;1;0;0;1;0;1;1;0;1;0;1;0;1;0;0;1;1;0;1;0;1;0;1;0;1;0;0;1;0;1;1;0;1;0;0;1;1;0;1;0;0;1;0;1;0;1;0;1;0;1;1;0
9;0;1;1;0;1;0;1;0;1;0;0;1;1;0;1;0;1;0;1;0;1;0;0;1;0;1;1;0;1;0;1;0;1;0;0;1;1;0;1;0;1;0;0;1;1;0;1;0;0;1;1;0;0;1;1;0;1;0;0;1
10;1;0;0;1;1;0;1;0;1;0;1;0;0;1;0;1;0;1;1;0;1;0;0;1;0;1;1;0;0;1;0;1;1;0;0;1;1;0;0;1;1;0;0;1;0;1;1;0;0;1;0;1;0;1;1;0;0;1;1;0
11;1;0;0;1;1;0;1;0;0;1;0;1;0;1;0;1;0;1;1;0;1;0;0;1;0;1;1;0;0;1;1;0;0;1;0;1;1;0;0;1;1;0;0;1;1;0;1;0;1;0;0;1;1;0;1;0;1;0;0;1
13;1;0;0;1;1;0;1;0;1;0;0;1;1;0;1;0;1;0;1;0;0;1;0;1;0;1;0;1;1;0;1;0;1;0;1;0;1;0;1;0;1;0;0;1;0;1;1;0;0;1;1;0;1;0;0;1;1;0;0;1
14;1;0;0;1;1;0;1;0;1;0;1;0;1;0;1;0;1;0;0;1;1;0;0;1;0;1;1;0;1;0;1;0;1;0;0;1;1;0;1;0;1;0;0;1;1;0;1;0;0;1;1;0;1;0;1;0;1;0;0;1
15;1;0;0;0;1;0;1;0;1;0;0;1;1;0;1;0;1;0;0;0;1;0;0;1;0;1;1;0;0;1;1;0;1;0;0;1;0;1;1;0;0;1;0;1;1;0;0;0;0;1;0;1;0;1;1;0;0;1;0;1
16;1;0;1;0;1;0;1;0;1;0;0;1;1;0;1;0;1;0;1;0;1;0;1;0;0;1;0;1;0;1;1;0;1;0;0;1;0;1;0;1;1;0;1;0;1;0;1;0;1;0;1;0;1;0;1;0;0;1;1;0
17;0;1;0;1;1;0;1;0;1;0;0;1;1;0;1;0;1;0;1;0;1;0;1;0;1;0;0;1;1;0;0;1;1;0;1;0;0;1;0;1;0;1;1;0;0;1;0;1;1;0;1;0;0;1;0;1;0;1;0;1
18;1;0;1;0;1;0;1;0;1;0;1;0;1;0;0;1;1;0;0;1;1;0;0;1;0;1;0;1;1;0;1;0;1;0;0;1;0;1;1;0;0;1;0;1;1;0;1;0;0;1;0;1;0;1;1;0;0;1;1;0
20;1;0;0;1;1;0;1;0;1;0;1;0;0;1;1;0;1;0;1;0;1;0;0;1;0;1;0;1;0;1;1;0;1;0;0;1;0;1;0;1;1;0;0;1;1;0;1;0;0;1;0;1;0;1;1;0;1;0;0;1
21;0;1;1;0;1;0;1;0;1;0;0;1;1;0;1;0;1;0;1;0;1;0;0;1;0;1;1;0;0;1;1;0;1;0;1;0;0;1;0;1;1;0;0;1;1;0;1;0;0;1;0;1;1;0;1;0;0;1;0;1
22;1;0;0;1;1;0;0;1;0;1;1;0;0;1;1;0;0;1;1;0;1;0;1;0;0;1;1;0;0;1;1;0;0;1;0;1;0;1;0;1;0;1;0;1;1;0;1;0;1;0;0;1;0;1;0;1;0;1;1;0
23;0;1;1;0;1;0;1;0;1;0;1;0;1;0;0;1;1;0;1;0;1;0;0;1;0;1;1;0;0;1;1;0;0;1;0;1;0;1;1;0;0;1;0;1;1;0;1;0;0;1;1;0;0;1;0;1;1;0;0;1
24;0;1;1;0;1;0;1;0;1;0;1;0;1;0;0;1;1;0;1;0;0;1;0;1;0;1;0;1;0;1;1;0;1;0;0;1;0;1;0;1;1;0;1;0;1;0;1;0;0;1;0;1;0;1;1;0;0;1;0;1
25;1;0;0;1;1;0;0;0;1;0;0;1;1;0;1;0;1;0;0;1;1;0;1;0;1;0;1;0;1;0;0;1;1;0;0;1;1;0;1;0;1;0;0;1;1;0;1;0;0;1;0;1;0;1;1;0;1;0;0;1
26;1;0;1;0;1;0;1;0;1;0;0;1;1;0;1;0;1;0;1;0;1;0;0;1;1;0;1;0;1;0;1;0;1;0;0;1;0;1;1;0;1;0;1;0;1;0;1;0;0;1;1;0;1;0;1;0;1;0;0;1
27;0;1;0;1;1;0;1;0;1;0;0;1;1;0;0;1;1;0;1;0;0;1;1;0;0;1;0;1;1;0;1;0;0;1;1;0;1;0;0;1;0;1;1;0;1;0;1;0;0;1;1;0;1;0;0;1;1;0;0;1
29;1;0;0;1;1;0;1;0;1;0;0;1;1;0;0;1;1;0;0;1;1;0;1;0;1;0;0;1;0;1;1;0;1;0;0;1;0;1;1;0;0;1;1;0;1;0;1;0;0;1;0;1;0;1;1;0;0;1;1;0
30;1;0;1;0;1;0;1;0;1;0;0;1;1;0;1;0;1;0;0;1;1;0;0;1;1;0;0;1;1;0;0;1;1;0;1;0;0;1;1;0;0;1;0;1;0;1;1;0;1;0;1;0;1;0;1;0;1;0;0;1
31;1;0;1;0;1;0;0;1;1;0;0;1;1;0;1;0;1;0;1;0;0;1;0;1;1;0;0;1;1;0;1;0;0;1;1;0;1;0;0;1;0;1;1;0;1;0;1;0;0;1;1;0;1;0;1;0;1;0;0;1
33;1;0;1;0;1;0;1;0;1;0;0;1;1;0;1;0;1;0;0;1;1;0;1;0;1;0;1;0;1;0;1;0;1;0;0;1;0;1;1;0;1;0;0;1;1;0;1;0;0;1;0;1;0;1;1;0;1;0;1;0
34;1;0;0;1;1;0;1;0;1;0;1;0;0;1;0;1;1;0;1;0;1;0;0;1;0;1;1;0;0;1;1;0;1;0;0;1;0;1;0;1;1;0;0;1;1;0;1;0;0;1;0;1;0;1;1;0;0;1;1;0
35;1;0;1;0;1;0;1;0;1;0;0;1;1;0;0;1;1;0;1;0;1;0;1;0;1;0;1;0;0;1;1;0;1;0;1;0;0;1;1;0;0;1;1;0;1;0;1;0;0;1;0;1;0;1;1;0;0;1;1;0
36;0;1;0;1;1;0;0;1;1;0;0;1;1;0;1;0;1;0;0;1;1;0;1;0;1;0;1;0;1;0;1;0;1;0;0;1;0;1;1;0;0;1;1;0;1;0;1;0;0;1;1;0;1;0;1;0;0;1;0;1
37;0;1;0;1;1;0;1;0;1;0;0;1;1;0;0;1;1;0;1;0;1;0;1;0;0;1;1;0;0;1;1;0;1;0;1;0;1;0;1;0;0;1;0;1;0;1;1;0;1;0;1;0;1;0;1;0;1;0;1;0
38;1;0;0;1;0;1;0;1;1;0;0;1;1;0;0;1;1;0;0;1;1;0;1;0;0;1;1;0;1;0;1;0;0;1;1;0;1;0;0;1;1;0;0;1;1;0;1;0;0;1;0;1;1;0;0;1;1;0;0;1
39;0;1;1;0;1;0;1;0;1;0;1;0;1;0;1;0;1;0;0;1;1;0;1;0;1;0;0;1;1;0;1;0;1;0;0;1;0;1;1;0;0;1;1;0;0;1;1;0;0;1;1;0;0;1;1;0;0;1;1;0
40;1;0;1;0;1;0;1;0;1;0;0;1;1;0;1;0;1;0;0;1;1;0;0;1;1;0;1;0;1;0;1;0;1;0;0;1;0;1;1;0;1;0;0;1;1;0;1;0;0;1;0;1;1;0;1;0;1;0;1;0
41;1;0;0;1;0;1;1;0;1;0;1;0;1;0;1;0;1;0;1;0;1;0;0;1;1;0;1;0;1;0;0;1;1;0;1;0;0;1;1;0;1;0;0;1;1;0;1;0;0;1;1;0;1;0;0;1;0;1;0;1
42;1;0;0;1;1;0;1;0;1;0;0;1;1;0;1;0;1;0;0;1;1;0;0;1;0;1;1;0;1;0;1;0;1;0;0;1;1;0;0;1;1;0;0;1;1;0;1;0;0;1;0;1;0;1;1;0;1;0;0;1
43;1;0;1;0;1;0;1;0;1;0;0;1;1;0;1;0;1;0;1;0;0;1;1;0;1;0;1;0;0;1;0;1;1;0;1;0;0;1;0;1;0;1;1;0;1;0;1;0;0;1;1;0;0;1;1;0;1;0;1;0
44;0;1;0;1;1;0;1;0;1;0;0;1;1;0;0;1;1;0;1;0;1;0;0;1;0;1;1;0;1;0;1;0;0;1;0;1;1;0;0;1;1;0;0;1;1;0;1;0;0;1;1;0;1;0;1;0;1;0;0;1
45;1;0;0;1;1;0;1;0;1;0;1;0;1;0;1;0;1;0;1;0;1;0;0;1;1;0;1;0;0;1;1;0;1;0;0;1;0;1;1;0;1;0;0;1;1;0;1;0;0;1;0;1;0;1;1;0;1;0;0;1
46;1;0;0;1;1;0;1;0;1;0;0;1;1;0;1;0;1;0;0;1;1;0;0;1;1;0;1;0;1;0;1;0;1;0;0;1;0;1;1;0;1;0;1;0;1;0;1;0;0;1;0;1;1;0;1;0;1;0;1;0
47;0;1;0;1;0;1;1;0;0;1;0;1;1;0;1;0;1;0;1;0;1;0;1;0;0;1;1;0;0;1;0;1;0;1;1;0;0;1;1;0;0;1;0;1;1;0;1;0;1;0;1;0;1;0;1;0;1;0;1;0
48;1;0;0;1;1;0;1;0;1;0;1;0;1;0;1;0;1;0;1;0;1;0;0;1;1;0;1;0;0;1;1;0;1;0;0;1;1;0;1;0;1;0;0;1;1;0;1;0;0;1;0;1;1;0;1;0;1;0;0;1
49;1;0;1;0;1;0;1;0;1;0;0;1;1;0;1;0;1;0;0;1;1;0;1;0;1;0;1;0;0;1;1;0;1;0;1;0;0;1;1;0;0;1;1;0;1;0;1;0;0;1;1;0;0;1;1;0;1;0;1;0
50;1;0;0;1;1;0;1;0;1;0;0;1;0;1;1;0;1;0;0;1;1;0;0;1;0;1;0;1;0;1;1;0;1;0;0;1;0;1;0;1;1;0;0;1;1;0;1;0;0;1;0;1;0;1;1;0;0;1;0;1
51;1;0;1;0;1;0;1;0;0;1;0;1;1;0;1;0;1;0;1;0;0;1;1;0;1;0;1;0;1;0;1;0;1;0;0;1;0;1;1;0;1;0;1;0;1;0;1;0;0;1;1;0;0;1;1;0;0;1;0;1
52;1;0;0;1;1;0;1;0;1;0;0;1;1;0;1;0;1;0;1;0;1;0;1;0;0;1;1;0;1;0;1;0;1;0;1;0;0;1;1;0;0;1;0;1;1;0;1;0;0;1;0;1;1;0;1;0;0;1;0;1
54;1;0;0;1;1;0;1;0;1;0;0;1;1;0;0;1;1;0;1;0;1;0;1;0;1;0;0;1;0;1;1;0;1;0;1;0;0;1;1;0;0;1;0;1;0;1;1;0;1;0;0;1;0;1;1;0;0;1;1;0
55;1;0;0;1;1;0;1;0;1;0;0;1;0;1;0;1;1;0;0;1;1;0;0;1;0;1;1;0;1;0;1;0;1;0;0;1;0;1;1;0;1;0;0;1;1;0;1;0;0;1;0;1;0;1;1;0;0;1;1;0
56;0;1;1;0;1;0;1;0;1;0;1;0;1;0;1;0;1;0;0;1;1;0;1;0;1;0;1;0;1;0;1;0;1;0;0;1;0;1;1;0;0;1;1;0;1;0;1;0;0;1;0;1;0;1;0;1;0;1;1;0
57;0;1;1;0;1;0;0;0;1;0;1;0;0;1;1;0;0;0;1;0;1;0;0;1;0;1;0;1;0;1;1;0;1;0;0;1;0;1;1;0;1;0;0;1;1;0;1;0;0;1;0;1;0;1;1;0;1;0;0;1
58;0;1;1;0;0;1;1;0;1;0;0;1;1;0;1;0;1;0;0;1;1;0;1;0;1;0;1;0;1;0;1;0;1;0;1;0;0;1;1;0;0;1;1;0;0;1;1;0;1;0;1;0;0;1;1;0;0;1;1;0
59;1;0;1;0;1;0;1;0;1;0;1;0;1;0;0;1;1;0;0;1;0;1;1;0;1;0;0;1;1;0;1;0;0;1;1;0;0;1;0;1;0;1;1;0;1;0;1;0;1;0;1;0;0;1;0;1;1;0;1;0
60;0;1;1;0;1;0;1;0;1;0;0;1;1;0;1;0;1;0;0;1;1;0;0;1;1;0;1;0;1;0;1;0;1;0;1;0;0;1;1;0;1;0;0;1;1;0;1;0;0;1;1;0;1;0;0;1;1;0;0;1
61;1;0;1;0;1;0;1;0;1;0;1;0;1;0;1;0;1;0;0;1;1;0;1;0;1;0;1;0;0;0;1;0;1;0;0;1;1;0;1;0;1;0;1;0;1;0;1;0;0;1;0;1;1;0;1;0;0;1;1;0
62;0;1;0;1;1;0;1;0;1;0;1;0;0;1;0;1;1;0;0;1;1;0;0;1;0;1;1;0;1;0;1;0;0;1;0;1;1;0;1;0;1;0;0;1;1;0;1;0;0;1;1;0;1;0;1;0;0;1;0;1
63;0;1;0;1;1;0;1;0;1;0;1;0;0;1;1;0;0;1;1;0;1;0;1;0;1;0;1;0;0;1;1;0;1;0;1;0;1;0;0;1;0;1;0;1;1;0;0;1;0;1;1;0;1;0;1;0;0;1;0;1
64;1;0;0;1;1;0;1;0;1;0;0;1;1;0;1;0;1;0;1;0;1;0;0;1;0;1;0;1;0;1;1;0;1;0;1;0;0;1;1;0;0;1;0;1;1;0;1;0;0;1;0;1;1;0;1;0;1;0;1;0
65;0;1;0;1;1;0;1;0;1;0;1;0;1;0;1;0;1;0;0;1;0;1;1;0;0;1;0;1;1;0;1;0;1;0;1;0;0;1;0;1;0;1;0;1;0;1;1;0;0;1;1;0;1;0;1;0;1;0;0;1
66;1;0;0;1;1;0;1;0;1;0;1;0;0;1;0;1;0;1;1;0;1;0;0;1;0;1;1;0;1;0;1;0;1;0;0;1;1;0;0;1;1;0;1;0;1;0;1;0;0;1;0;1;0;1;1;0;0;1;0;1
67;1;0;1;0;1;0;1;0;1;0;0;1;1;0;0;1;1;0;1;0;1;0;1;0;1;0;0;1;0;1;1;0;1;0;0;1;0;1;1;0;1;0;1;0;1;0;1;0;1;0;1;0;1;0;1;0;0;1;1;0
68;0;1;1;0;1;0;1;0;1;0;1;0;0;1;1;0;1;0;1;0;1;0;1;0;1;0;0;1;1;0;1;0;1;0;0;1;1;0;0;1;1;0;1;0;1;0;1;0;0;1;1;0;0;1;1;0;0;1;0;1
69;1;0;1;0;1;0;0;1;1;0;0;1;1;0;0;1;1;0;0;1;0;1;0;1;0;1;1;0;1;0;1;0;1;0;0;1;0;1;0;1;1;0;1;0;1;0;1;0;0;1;0;1;0;1;0;1;1;0;0;1
70;1;0;0;1;1;0;0;1;1;0;1;0;1;0;0;1;1;0;0;1;1;0;1;0;1;0;1;0;1;0;1;0;1;0;0;1;1;0;0;1;0;1;1;0;1;0;1;0;0;1;0;1;0;1;1;0;0;1;1;0
71;1;0;1;0;1;0;1;0;1;0;1;0;1;0;1;0;1;0;1;0;1;0;1;0;1;0;1;0;1;0;1;0;1;0;1;0;1;0;1;0;0;1;1;0;1;0;1;0;1;0;1;0;1;0;1;0;1;0;1;0
72;1;0;1;0;0;1;1;0;0;1;0;1;1;0;1;0;1;0;0;1;1;0;0;1;0;1;1;0;1;0;1;0;0;1;1;0;1;0;1;0;1;0;0;1;1;0;1;0;0;1;1;0;1;0;0;1;1;0;0;1
73;0;1;0;1;1;0;1;0;1;0;0;1;1;0;1;0;1;0;0;1;1;0;0;1;0;1;1;0;0;1;1;0;1;0;0;1;0;1;1;0;0;1;0;1;1;0;1;0;0;1;0;1;0;1;1;0;1;0;0;1
75;1;0;1;0;1;0;1;0;1;0;0;1;1;0;1;0;1;0;1;0;1;0;0;1;1;0;1;0;1;0;1;0;1;0;1;0;0;1;1;0;0;1;0;1;1;0;1;0;0;1;1;0;1;0;1;0;1;0;0;1
76;1;0;1;0;1;0;1;0;1;0;0;1;1;0;1;0;1;0;0;1;0;1;1;0;1;0;1;0;1;0;1;0;1;0;1;0;0;1;1;0;0;1;1;0;1;0;1;0;0;1;1;0;1;0;0;1;0;1;1;0
77;1;0;0;1;1;0;1;0;1;0;1;0;1;0;0;1;1;0;1;0;0;1;0;1;0;1;1;0;0;1;1;0;0;1;0;1;0;1;1;0;1;0;0;1;1;0;1;0;0;1;1;0;1;0;1;0;0;1;0;1
78;0;1;0;1;1;0;1;0;1;0;1;0;1;0;1;0;1;0;0;1;1;0;1;0;0;1;0;1;0;1;1;0;1;0;0;1;1;0;1;0;1;0;0;1;1;0;1;0;0;1;0;1;1;0;1;0;0;1;0;1
79;1;0;0;1;1;0;1;0;1;0;1;0;0;1;1;0;1;0;1;0;1;0;0;1;1;0;1;0;0;1;1;0;1;0;0;1;0;1;0;1;1;0;1;0;0;1;1;0;0;1;1;0;1;0;1;0;1;0;0;1
80;1;0;0;1;1;0;1;0;1;0;0;1;1;0;1;0;1;0;1;0;1;0;0;1;1;0;1;0;0;1;1;0;1;0;0;1;1;0;1;0;1;0;0;1;1;0;1;0;0;1;1;0;1;0;1;0;0;1;0;1
81;0;1;0;1;0;1;1;0;1;0;1;0;1;0;0;1;1;0;0;1;1;0;0;1;0;1;1;0;1;0;1;0;1;0;0;1;1;0;1;0;1;0;1;0;1;0;1;0;0;1;1;0;0;1;0;1;1;0;0;1
82;1;0;0;1;1;0;1;0;1;0;1;0;1;0;1;0;1;0;0;1;1;0;0;1;0;1;1;0;1;0;1;0;1;0;0;1;0;1;1;0;0;1;0;1;1;0;1;0;0;1;0;1;0;1;1;0;0;1;1;0
83;1;0;1;0;1;0;1;0;1;0;1;0;1;0;0;1;1;0;0;1;1;0;1;0;0;1;0;1;0;1;1;0;1;0;0;1;0;1;1;0;0;1;1;0;1;0;1;0;0;1;1;0;1;0;1;0;0;1;1;0
84;1;0;0;1;1;0;1;0;1;0;0;1;0;1;1;0;1;0;1;0;1;0;0;1;0;1;0;1;0;1;1;0;1;0;0;1;1;0;1;0;1;0;1;0;1;0;1;0;0;1;1;0;0;1;1;0;0;1;0;1
85;0;1;1;0;1;0;0;1;1;0;1;0;1;0;1;0;1;0;1;0;1;0;1;0;1;0;0;1;0;1;0;1;0;1;1;0;0;1;0;1;1;0;0;1;1;0;1;0;1;0;1;0;1;0;1;0;0;1;1;0
86;1;0;0;1;1;0;1;0;1;0;0;1;1;0;1;0;1;0;1;0;1;0;0;1;0;1;1;0;0;1;1;0;1;0;0;1;0;1;1;0;0;1;0;1;1;0;1;0;0;1;0;1;0;1;1;0;0;1;1;0
87;1;0;0;1;1;0;1;0;1;0;1;0;0;1;1;0;1;0;0;1;1;0;0;1;0;1;1;0;1;0;1;0;1;0;0;1;0;1;1;0;1;0;0;1;1;0;1;0;0;1;0;1;1;0;1;0;0;1;0;1
88;1;0;1;0;1;0;1;0;1;0;0;1;0;1;0;1;1;0;1;0;1;0;0;1;0;1;1;0;1;0;1;0;1;0;0;1;1;0;1;0;0;1;1;0;1;0;1;0;0;1;0;1;1;0;1;0;0;1;1;0
89;0;1;1;0;1;0;1;0;1;0;0;1;0;1;0;1;1;0;1;0;1;0;0;1;0;1;1;0;1;0;1;0;0;1;0;1;0;1;0;1;1;0;0;1;1;0;1;0;0;1;0;1;1;0;1;0;0;1;1;0
90;0;1;1;0;1;0;1;0;1;0;1;0;1;0;1;0;1;0;1;0;1;0;0;1;1;0;1;0;0;1;1;0;1;0;0;1;1;0;1;0;0;1;1;0;1;0;1;0;0;1;1;0;1;0;1;0;0;1;1;0
91;1;0;1;0;1;0;1;0;1;0;0;1;0;1;1;0;1;0;1;0;1;0;1;0;1;0;1;0;0;0;0;1;1;0;0;1;0;1;0;1;1;0;0;1;1;0;1;0;0;1;0;1;1;0;1;0;1;0;0;1
92;1;0;1;0;1;0;1;0;1;0;0;1;1;0;1;0;1;0;1;0;1;0;1;0;1;0;1;0;1;0;1;0;1;0;1;0;0;1;1;0;1;0;1;0;1;0;1;0;0;1;1;0;0;1;1;0;0;1;0;1
93;1;0;1;0;1;0;1;0;1;0;1;0;0;1;1;0;0;1;1;0;1;0;0;1;1;0;1;0;0;1;1;0;1;0;0;1;1;0;1;0;1;0;1;0;1;0;1;0;0;1;0;1;1;0;1;0;0;1;1;0
94;1;0;1;0;1;0;1;0;1;0;0;1;1;0;1;0;1;0;0;1;1;0;0;1;1;0;1;0;1;0;1;0;1;0;1;0;0;1;1;0;0;1;1;0;1;0;1;0;0;1;0;1;0;1;1;0;0;1;0;1
95;1;0;0;1;1;0;0;1;1;0;0;1;1;0;0;1;1;0;1;0;1;0;1;0;0;1;0;1;1;0;1;0;0;1;0;1;1;0;0;1;1;0;0;1;0;1;1;0;1;0;1;0;1;0;1;0;0;1;1;0
96;1;0;0;1;1;0;1;0;1;0;0;1;0;1;1;0;1;0;0;1;1;0;1;0;1;0;0;1;0;1;0;1;1;0;0;1;1;0;1;0;1;0;0;1;1;0;1;0;1;0;1;0;1;0;1;0;1;0;0;1
98;0;1;0;1;1;0;1;0;1;0;1;0;0;1;1;0;1;0;0;1;1;0;1;0;1;0;1;0;0;1;1;0;1;0;0;1;0;1;1;0;1;0;1;0;1;0;1;0;0;1;0;1;1;0;1;0;1;0;0;1
99;0;1;1;0;1;0;1;0;1;0;1;0;0;1;1;0;1;0;0;1;0;1;0;1;1;0;0;1;1;0;1;0;1;0;0;1;1;0;0;1;1;0;1;0;1;0;1;0;0;1;1;0;1;0;1;0;0;1;1;0
100;1;0;0;1;1;0;1;0;1;0;0;1;1;0;1;0;1;0;1;0;1;0;0;1;1;0;1;0;0;1;1;0;1;0;0;1;1;0;1;0;0;1;0;1;1;0;1;0;0;1;1;0;0;1;1;0;1;0;1;0
101;1;0;0;1;1;0;1;0;1;0;0;1;1;0;1;0;1;0;0;1;1;0;0;1;1;0;1;0;1;0;1;0;1;0;1;0;0;1;1;0;1;0;1;0;1;0;1;0;0;1;0;1;1;0;1;0;1;0;0;1
102;1;0;0;1;1;0;1;0;1;0;0;1;0;1;0;1;1;0;1;0;1;0;0;1;1;0;1;0;0;1;1;0;1;0;0;1;1;0;1;0;1;0;1;0;1;0;1;0;0;1;0;1;1;0;1;0;1;0;0;1
103;1;0;0;1;1;0;1;0;1;0;0;1;1;0;0;1;1;0;1;0;1;0;0;1;1;0;1;0;0;1;1;0;1;0;0;1;1;0;1;0;1;0;0;1;1;0;1;0;0;1;0;1;0;1;1;0;0;1;1;0
104;1;0;1;0;1;0;0;1;1;0;1;0;1;0;1;0;1;0;0;1;1;0;1;0;1;0;0;1;0;1;1;0;1;0;0;1;0;1;1;0;0;1;1;0;1;0;1;0;0;1;0;1;0;1;1;0;0;1;1;0
105;1;0;0;1;1;0;1;0;1;0;1;0;0;1;1;0;1;0;1;0;1;0;0;1;1;0;1;0;0;1;1;0;1;0;0;1;1;0;1;0;1;0;0;1;1;0;1;0;0;1;0;1;1;0;1;0;1;0;0;1
106;1;0;0;1;1;0;1;0;1;0;0;1;0;1;1;0;1;0;1;0;1;0;0;1;1;0;0;1;0;1;0;1;1;0;0;1;0;1;1;0;1;0;0;1;1;0;0;1;0;1;1;0;0;1;1;0;1;0;1;0
107;1;0;1;0;1;0;1;0;0;1;1;0;1;0;1;0;1;0;0;1;1;0;1;0;1;0;1;0;0;1;1;0;1;0;1;0;1;0;0;1;1;0;1;0;1;0;1;0;0;1;1;0;1;0;1;0;1;0;0;1
108;1;0;1;0;1;0;1;0;1;0;0;1;1;0;1;0;1;0;0;1;1;0;1;0;1;0;0;1;1;0;1;0;1;0;1;0;1;0;1;0;0;1;0;1;0;1;1;0;0;1;0;1;1;0;1;0;1;0;0;1
109;0;1;1;0;1;0;1;0;1;0;1;0;1;0;0;1;1;0;0;1;1;0;0;1;1;0;0;1;1;0;1;0;1;0;0;1;0;1;1;0;0;1;1;0;1;0;1;0;0;1;0;1;0;1;1;0;1;0;0;1
110;1;0;0;1;1;0;1;0;1;0;0;1;1;0;1;0;1;0;0;1;1;0;1;0;1;0;0;1;1;0;1;0;1;0;0;1;1;0;1;0;1;0;0;1;1;0;1;0;0;1;0;1;0;1;1;0;1;0;0;1
112;0;1;0;1;0;1;1;0;1;0;0;1;1;0;1;0;1;0;0;1;1;0;1;0;1;0;0;1;1;0;1;0;1;0;1;0;1;0;1;0;1;0;0;1;1;0;1;0;0;1;1;0;1;0;0;1;1;0;0;1
113;1;0;0;1;1;0;1;0;1;0;1;0;0;1;1;0;0;1;1;0;1;0;0;1;1;0;1;0;1;0;1;0;1;0;0;1;1;0;1;0;1;0;1;0;1;0;1;0;0;1;0;1;1;0;1;0;1;0;0;1
114;1;0;1;0;1;0;1;0;1;0;1;0;1;0;1;0;1;0;0;1;1;0;0;1;1;0;1;0;1;0;1;0;1;0;0;1;0;1;1;0;0;0;0;1;0;1;1;0;0;1;0;1;0;1;1;0;0;1;0;1
115;1;0;1;0;1;0;1;0;1;0;0;1;1;0;1;0;1;0;0;1;1;0;1;0;1;0;1;0;1;0;1;0;1;0;1;0;0;1;1;0;1;0;1;0;1;0;1;0;0;1;1;0;1;0;1;0;0;1;0;1
117;0;1;1;0;1;0;1;0;1;0;1;0;0;1;0;1;1;0;1;0;0;1;0;1;0;1;1;0;1;0;1;0;1;0;0;1;0;1;0;1;0;1;1;0;1;0;1;0;0;1;0;1;1;0;1;0;0;1;1;0
120;0;1;0;1;1;0;1;0;1;0;0;1;0;1;0;1;0;1;1;0;1;0;0;1;0;1;0;1;0;1;0;1;0;1;0;1;0;1;0;1;1;0;0;1;1;0;1;0;0;1;1;0;0;1;1;0;1;0;1;0
121;1;0;1;0;1;0;1;0;1;0;1;0;1;0;0;1;1;0;0;1;0;1;1;0;1;0;1;0;1;0;0;1;1;0;0;1;0;1;1;0;0;1;1;0;1;0;1;0;0;1;0;1;1;0;1;0;0;1;0;1
122;0;1;0;1;1;0;1;0;1;0;0;1;0;1;1;0;1;0;1;0;1;0;1;0;1;0;1;0;0;1;0;1;1;0;0;1;0;1;1;0;1;0;0;1;1;0;1;0;0;1;1;0;0;1;1;0;0;1;1;0
123;1;0;1;0;1;0;1;0;1;0;0;1;0;1;0;1;1;0;1;0;1;0;1;0;0;1;0;1;0;1;1;0;1;0;0;1;1;0;0;1;0;1;0;1;1;0;1;0;0;1;1;0;0;1;1;0;0;1;1;0
125;1;0;0;1;1;0;1;0;1;0;0;1;0;1;1;0;1;0;1;0;1;0;0;1;1;0;1;0;0;1;1;0;1;0;0;1;0;1;1;0;1;0;1;0;1;0;1;0;1;0;0;1;0;1;1;0;0;1;0;1
127;1;0;0;1;0;1;1;0;1;0;0;1;1;0;1;0;1;0;0;1;0;1;1;0;1;0;0;1;1;0;0;1;1;0;1;0;0;1;1;0;0;1;1;0;0;1;0;1;1;0;1;0;1;0;0;1;1;0;1;0
128;1;0;0;1;1;0;1;0;1;0;0;1;1;0;1;0;1;0;0;1;1;0;1;0;1;0;1;0;0;1;1;0;1;0;1;0;0;1;1;0;0;1;1;0;0;1;1;0;0;1;1;0;0;1;1;0;1;0;0;1
129;1;0;0;1;1;0;1;0;1;0;1;0;0;1;0;1;0;1;1;0;1;0;0;1;0;1;1;0;0;1;1;0;0;1;0;1;1;0;0;1;1;0;0;1;1;0;1;0;0;1;1;0;0;1;1;0;0;1;0;1
130;0;1;1;0;1;0;1;0;1;0;0;1;1;0;1;0;1;0;0;1;1;0;0;1;1;0;1;0;1;0;1;0;1;0;0;1;0;1;1;0;0;1;0;1;1;0;1;0;0;1;0;1;0;1;1;0;0;1;0;1
131;1;0;0;1;1;0;1;0;1;0;0;1;0;1;0;1;1;0;0;1;1;0;0;1;0;1;1;0;0;0;0;1;1;0;0;1;1;0;1;0;1;0;0;1;1;0;1;0;0;1;0;1;1;0;1;0;0;1;0;1
132;1;0;1;0;1;0;1;0;1;0;1;0;1;0;1;0;1;0;1;0;0;1;1;0;0;1;0;1;0;1;1;0;0;1;1;0;1;0;1;0;1;0;1;0;1;0;1;0;0;1;1;0;1;0;1;0;0;1;0;1
133;0;1;0;1;1;0;1;0;1;0;0;1;1;0;1;0;1;0;1;0;1;0;1;0;1;0;0;1;1;0;1;0;1;0;0;1;0;1;1;0;1;0;0;1;1;0;1;0;0;1;1;0;0;1;1;0;0;1;0;1
134;0;1;1;0;1;0;1;0;1;0;0;1;0;0;1;0;0;0;0;0;1;0;1;0;1;0;1;0;0;1;0;1;1;0;0;1;0;1;1;0;0;1;1;0;1;0;1;0;0;1;1;0;0;1;1;0;1;0;0;1
135;1;0;0;1;1;0;0;1;1;0;0;1;1;0;0;1;1;0;0;1;0;1;1;0;1;0;0;1;1;0;1;0;0;1;1;0;0;1;0;1;0;1;1;0;0;1;1;0;0;1;0;1;1;0;0;1;0;1;1;0
136;1;0;0;1;1;0;1;0;1;0;1;0;1;0;0;1;1;0;0;1;1;0;1;0;1;0;1;0;1;0;1;0;1;0;1;0;0;1;1;0;0;1;1;0;1;0;1;0;0;1;1;0;1;0;1;0;0;1;0;1
137;0;1;0;1;1;0;1;0;1;0;0;1;0;1;1;0;1;0;1;0;1;0;0;1;0;0;1;0;0;1;1;0;1;0;1;0;0;1;1;0;0;1;1;0;1;0;1;0;0;1;0;1;1;0;1;0;0;1;0;1
138;0;1;0;1;1;0;0;1;1;0;0;1;0;1;1;0;1;0;1;0;1;0;1;0;0;1;1;0;0;1;0;1;0;1;1;0;1;0;0;1;1;0;0;1;1;0;1;0;1;0;1;0;1;0;1;0;1;0;0;1
139;1;0;1;0;1;0;1;0;1;0;0;1;0;1;1;0;1;0;0;1;1;0;0;1;1;0;0;1;1;0;1;0;1;0;1;0;1;0;1;0;1;0;0;1;1;0;1;0;1;0;1;0;1;0;0;1;1;0;0;1
140;1;0;0;1;1;0;1;0;1;0;1;0;0;1;1;0;0;1;1;0;1;0;0;1;1;0;0;1;0;1;1;0;1;0;0;1;1;0;0;1;1;0;0;1;1;0;1;0;0;1;0;1;0;1;1;0;1;0;0;1
141;1;0;0;1;1;0;1;0;1;0;0;1;1;0;1;0;1;0;0;1;0;1;1;0;1;0;1;0;1;0;1;0;1;0;0;1;0;1;1;0;0;1;1;0;1;0;1;0;1;0;1;0;0;1;1;0;0;1;1;0
143;1;0;0;1;1;0;1;0;1;0;1;0;1;0;0;1;1;0;0;1;1;0;0;1;1;0;1;0;1;0;1;0;1;0;0;1;0;1;1;0;0;1;1;0;0;1;0;1;1;0;1;0;1;0;0;1;0;1;0;1
145;0;1;1;0;1;0;1;0;1;0;1;0;1;0;1;0;1;0;1;0;1;0;0;1;0;1;1;0;0;1;1;0;1;0;0;1;0;1;1;0;0;1;0;1;1;0;1;0;0;1;0;1;0;1;1;0;0;1;0;1
146;1;0;1;0;1;0;1;0;1;0;1;0;0;1;1;0;1;0;0;1;1;0;0;1;1;0;1;0;1;0;1;0;1;0;0;1;1;0;1;0;1;0;0;1;1;0;1;0;0;1;1;0;0;1;0;1;0;1;1;0
147;1;0;0;1;1;0;1;0;1;0;0;1;0;1;1;0;0;1;1;0;1;0;0;1;0;1;1;0;0;1;1;0;1;0;0;1;1;0;1;0;1;0;0;1;1;0;0;1;0;1;0;1;0;1;1;0;1;0;0;1
150;1;0;1;0;1;0;1;0;1;0;1;0;1;0;0;1;1;0;0;1;0;1;1;0;1;0;1;0;0;1;1;0;1;0;0;1;0;1;0;1;1;0;1;0;1;0;1;0;0;1;0;1;1;0;1;0;0;1;1;0
151;0;1;0;1;1;0;1;0;1;0;1;0;0;1;1;0;1;0;1;0;1;0;1;0;1;0;1;0;0;1;1;0;1;0;1;0;0;1;1;0;0;1;0;1;1;0;1;0;1;0;1;0;1;0;1;0;0;1;1;0
152;1;0;0;1;1;0;1;0;1;0;1;0;1;0;1;0;1;0;1;0;1;0;0;1;1;0;1;0;0;1;1;0;1;0;0;1;0;1;1;0;1;0;0;1;1;0;1;0;0;1;0;1;1;0;1;0;1;0;0;1
154;1;0;0;1;1;0;0;1;1;0;0;1;1;0;1;0;1;0;0;1;0;1;0;1;0;1;0;1;1;0;1;0;1;0;1;0;0;1;1;0;1;0;1;0;1;0;1;0;1;0;1;0;1;0;1;0;1;0;1;0
155;1;0;0;1;1;0;1;0;1;0;1;0;1;0;1;0;1;0;1;0;1;0;0;1;0;1;1;0;0;1;1;0;1;0;0;1;0;1;0;1;0;1;0;1;1;0;1;0;0;1;0;1;1;0;1;0;0;1;0;1
156;1;0;0;1;1;0;1;0;1;0;0;1;0;1;1;0;1;0;1;0;1;0;0;1;0;1;1;0;1;0;1;0;1;0;1;0;1;0;1;0;1;0;0;1;1;0;1;0;0;1;1;0;1;0;1;0;1;0;0;1
157;1;0;0;1;1;0;1;0;1;0;1;0;0;1;1;0;0;0;1;0;1;0;1;0;1;0;0;1;0;1;1;0;1;0;0;1;1;0;0;1;1;0;1;0;1;0;1;0;0;1;1;0;0;1;1;0;1;0;0;1
158;1;0;1;0;1;0;1;0;1;0;1;0;0;1;0;1;0;1;1;0;1;0;1;0;0;1;1;0;0;1;1;0;1;0;0;1;1;0;0;1;1;0;0;1;1;0;1;0;0;1;1;0;0;1;1;0;0;1;1;0
159;0;1;1;0;1;0;1;0;1;0;0;1;1;0;1;0;1;0;1;0;1;0;1;0;1;0;0;1;1;0;1;0;1;0;0;1;0;1;0;1;1;0;0;1;1;0;1;0;0;1;0;1;0;1;1;0;0;1;0;1
160;1;0;0;1;1;0;1;0;1;0;0;1;1;0;1;0;0;1;1;0;1;0;0;1;1;0;0;1;1;0;1;0;1;0;0;1;0;1;0;1;0;1;1;0;1;0;1;0;0;1;1;0;0;1;0;1;0;1;1;0
161;0;1;1;0;1;0;0;1;1;0;0;1;1;0;0;1;1;0;0;1;0;1;0;1;1;0;1;0;0;1;1;0;1;0;0;1;0;1;0;1;0;1;0;1;0;1;1;0;1;0;1;0;0;1;1;0;1;0;0;1
162;1;0;0;1;1;0;1;0;1;0;1;0;1;0;1;0;1;0;0;1;1;0;0;1;1;0;1;0;1;0;1;0;1;0;0;1;1;0;1;0;1;0;1;0;1;0;1;0;0;1;0;1;1;0;1;0;1;0;0;1
163;1;0;0;1;1;0;0;1;1;0;0;1;0;1;1;0;0;1;1;0;0;1;0;0;1;0;0;1;1;0;1;0;1;0;1;0;0;1;0;1;1;0;1;0;0;1;1;0;0;1;0;1;1;0;1;0;1;0;0;1
164;1;0;0;1;1;0;1;0;1;0;0;1;0;1;1;0;1;0;1;0;1;0;0;1;0;1;0;1;0;1;1;0;1;0;0;1;0;1;1;0;0;1;0;1;1;0;1;0;0;1;0;1;0;1;1;0;0;1;1;0
165;1;0;0;1;1;0;0;1;1;0;0;1;1;0;1;0;1;0;1;0;1;0;0;1;0;1;1;0;0;1;1;0;1;0;0;1;0;1;1;0;1;0;0;1;1;0;1;0;0;1;1;0;1;0;1;0;0;1;1;0
166;1;0;0;1;1;0;1;0;1;0;1;0;0;1;1;0;0;1;1;0;1;0;0;1;1;0;1;0;0;1;1;0;1;0;0;1;1;0;1;0;1;0;0;1;1;0;1;0;0;1;0;1;0;1;1;0;0;1;1;0
167;1;0;0;1;1;0;1;0;1;0;1;0;1;0;1;0;1;0;0;1;1;0;1;0;1;0;1;0;1;0;1;0;1;0;1;0;0;1;1;0;0;1;1;0;1;0;1;0;0;1;1;0;0;1;1;0;1;0;0;1
168;1;0;0;1;1;0;1;0;1;0;0;1;1;0;1;0;1;0;0;1;1;0;0;1;0;1;1;0;0;1;1;0;1;0;1;0;1;0;1;0;1;0;0;1;0;1;1;0;1;0;1;0;0;1;1;0;0;1;1;0
169;0;1;1;0;1;0;1;0;0;1;1;0;1;0;1;0;0;1;1;0;1;0;1;0;1;0;1;0;1;0;1;0;0;1;0;1;1;0;1;0;1;0;1;0;1;0;0;1;1;0;1;0;1;0;1;0;0;1;0;0
171;1;0;0;1;1;0;1;0;1;0;1;0;0;1;1;0;1;0;1;0;1;0;0;1;1;0;0;1;0;1;1;0;1;0;0;1;0;1;1;0;0;1;1;0;1;0;1;0;0;1;0;1;1;0;1;0;0;1;1;0
172;1;0;0;1;1;0;1;0;1;0;1;0;0;1;0;1;0;1;1;0;1;0;0;1;0;1;1;0;0;1;1;0;0;1;0;1;1;0;0;1;1;0;1;0;1;0;1;0;0;1;0;1;1;0;1;0;1;0;0;1
173;1;0;1;0;1;0;1;0;1;0;1;0;0;1;0;1;0;1;1;0;1;0;0;1;0;1;1;0;1;0;1;0;1;0;0;1;0;1;1;0;1;0;1;0;1;0;1;0;0;1;0;1;1;0;1;0;0;1;1;0
174;1;0;0;1;1;0;0;1;0;1;0;1;1;0;0;1;1;0;1;0;0;1;0;1;1;0;0;1;1;0;1;0;0;1;0;1;0;1;1;0;1;0;1;0;1;0;1;0;0;1;0;1;1;0;1;0;1;0;0;1
176;0;1;0;1;1;0;1;0;1;0;0;1;1;0;1;0;1;0;1;0;1;0;1;0;0;1;0;1;0;1;1;0;1;0;0;1;0;1;1;0;0;1;0;1;1;0;1;0;0;1;0;1;0;1;1;0;0;1;1;0
177;1;0;0;1;1;0;0;1;1;0;0;1;1;0;0;1;1;0;0;1;0;1;1;0;1;0;1;0;1;0;1;0;0;1;1;0;0;1;0;1;1;0;1;0;1;0;1;0;0;1;1;0;1;0;0;1;1;0;1;0
178;1;0;0;1;1;0;1;0;0;1;0;1;0;1;1;0;1;0;1;0;1;0;1;0;1;0;1;0;1;0;0;1;1;0;0;1;0;1;1;0;0;1;1;0;1;0;1;0;0;1;0;1;0;1;1;0;0;1;0;1
181;0;1;0;1;1;0;1;0;1;0;0;1;1;0;1;0;1;0;1;0;1;0;1;0;1;0;0;1;1;0;1;0;1;0;0;1;1;0;1;0;1;0;1;0;1;0;1;0;0;1;1;0;1;0;1;0;1;0;0;1
182;0;1;1;0;1;0;1;0;1;0;0;1;1;0;1;0;1;0;0;1;1;0;0;1;1;0;1;0;1;0;1;0;1;0;1;0;0;1;1;0;1;0;1;0;1;0;0;1;1;0;1;0;1;0;1;0;1;0;1;0
183;0;1;0;1;1;0;1;0;1;0;0;1;1;0;1;0;1;0;1;0;1;0;1;0;1;0;1;0;1;0;1;0;1;0;0;1;0;1;1;0;1;0;1;0;1;0;1;0;0;1;0;1;0;1;1;0;0;1;0;1
186;1;0;0;1;1;0;1;0;1;0;0;1;0;1;1;0;0;1;1;0;1;0;1;0;0;1;1;0;0;1;1;0;1;0;0;1;0;1;0;1;1;0;1;0;1;0;1;0;0;1;0;1;0;1;1;0;0;1;0;1
187;1;0;1;0;1;0;1;0;1;0;1;0;0;1;1;0;0;1;0;1;1;0;0;1;1;0;0;1;0;1;1;0;1;0;0;1;1;0;1;0;1;0;1;0;1;0;1;0;0;1;0;1;0;1;1;0;0;1;1;0
188;1;0;1;0;1;0;1;0;1;0;0;1;1;0;1;0;1;0;1;0;1;0;1;0;0;1;0;1;0;1;1;0;1;0;0;1;0;1;0;1;1;0;0;1;1;0;1;0;0;1;0;1;1;0;1;0;0;1;1;0
189;1;0;0;1;0;1;0;1;1;0;0;1;1;0;1;0;1;0;1;0;1;0;1;0;0;1;0;1;1;0;1;0;0;1;0;1;1;0;1;0;1;0;0;1;1;0;0;1;1;0;1;0;1;0;1;0;1;0;0;1
190;0;1;1;0;1;0;1;0;1;0;0;1;1;0;0;1;1;0;0;1;1;0;1;0;0;1;1;0;0;1;1;0;1;0;1;0;0;1;1;0;0;1;0;1;1;0;1;0;0;1;0;1;0;1;1;0;0;1;0;1
191;1;0;1;0;1;0;1;0;1;0;0;1;1;0;1;0;1;0;1;0;1;0;0;1;1;0;1;0;1;0;1;0;1;0;0;1;1;0;1;0;1;0;1;0;1;0;1;0;0;1;1;0;0;1;1;0;0;1;0;1
192;1;0;0;1;1;0;1;0;1;0;0;1;1;0;1;0;1;0;0;1;1;0;1;0;1;0;0;1;1;0;1;0;1;0;1;0;0;1;1;0;0;1;1;0;1;0;0;1;0;1;0;1;0;1;1;0;1;0;0;1
193;1;0;1;0;1;0;1;0;1;0;0;1;1;0;0;1;1;0;0;1;1;0;0;1;1;0;1;0;1;0;1;0;1;0;0;1;1;0;1;0;1;0;0;1;1;0;1;0;0;1;0;1;1;0;1;0;0;1;0;1
194;1;0;0;1;1;0;1;0;1;0;1;0;1;0;1;0;1;0;1;0;1;0;0;1;1;0;1;0;0;1;1;0;1;0;0;1;0;1;1;0;1;0;0;1;1;0;1;0;0;1;1;0;0;1;1;0;1;0;0;1
195;1;0;0;1;1;0;1;0;1;0;0;1;1;0;1;0;0;1;1;0;1;0;1;0;0;1;0;1;0;1;0;1;1;0;0;1;1;0;0;1;0;1;0;1;1;0;1;0;1;0;0;1;1;0;0;1;0;1;0;1
196;0;1;0;1;1;0;1;0;1;0;0;1;1;0;1;0;1;0;0;1;1;0;0;1;0;1;0;1;1;0;1;0;1;0;0;1;0;1;1;0;0;1;0;1;1;0;1;0;0;1;0;1;0;1;1;0;1;0;0;1
197;0;1;1;0;1;0;1;0;1;0;1;0;1;0;1;0;1;0;0;1;1;0;1;0;1;0;1;0;1;0;1;0;1;0;0;1;0;1;1;0;0;1;1;0;0;1;1;0;0;1;1;0;1;0;1;0;0;1;1;0
198;1;0;0;1;1;0;1;0;0;1;0;1;1;0;1;0;1;0;0;1;0;1;0;1;1;0;1;0;0;1;1;0;1;0;0;1;0;1;1;0;0;1;1;0;1;0;1;0;0;1;0;1;1;0;1;0;0;1;1;0
199;1;0;0;1;0;1;0;1;1;0;0;1;1;0;1;0;1;0;0;1;1;0;1;0;0;1;0;1;1;0;1;0;1;0;0;1;1;0;0;1;1;0;0;1;0;1;0;1;0;1;1;0;1;0;0;1;0;1;0;1
200;1;0;1;0;1;0;1;0;1;0;0;1;1;0;1;0;1;0;0;1;1;0;0;1;1;0;1;0;1;0;0;1;1;0;0;1;0;1;1;0;0;1;1;0;0;1;1;0;0;1;0;1;0;1;1;0;0;1;1;0
201;0;1;1;0;0;1;1;0;1;0;1;0;1;0;1;0;1;0;0;1;1;0;0;1;0;1;1;0;0;1;1;0;1;0;0;1;0;1;1;0;1;0;1;0;1;0;1;0;0;1;1;0;1;0;0;1;0;1;0;1
202;0;1;1;0;1;0;1;0;1;0;0;1;1;0;1;0;0;1;0;1;1;0;0;1;1;0;1;0;1;0;1;0;1;0;1;0;0;1;1;0;1;0;0;1;1;0;1;0;0;1;0;1;0;1;1;0;0;1;1;0
203;0;1;1;0;1;0;1;0;1;0;1;0;0;1;1;0;0;1;1;0;1;0;0;1;0;1;1;0;0;1;1;0;1;0;0;1;1;0;1;0;1;0;0;1;1;0;1;0;0;1;1;0;0;1;1;0;1;0;0;1
204;1;0;0;1;1;0;1;0;1;0;0;1;0;1;1;0;1;0;1;0;1;0;0;1;0;1;1;0;0;1;1;0;1;0;0;1;0;1;1;0;1;0;0;1;1;0;1;0;0;1;0;1;0;1;1;0;0;1;1;0
205;1;0;1;0;1;0;1;0;1;0;1;0;0;1;0;1;1;0;0;1;1;0;0;1;0;1;1;0;1;0;1;0;1;0;0;1;0;1;1;0;1;0;0;1;1;0;1;0;0;1;0;1;1;0;1;0;0;1;1;0
206;1;0;1;0;1;0;1;0;1;0;1;0;1;0;0;1;1;0;1;0;1;0;0;1;0;1;0;1;0;1;1;0;1;0;0;1;0;1;0;1;1;0;1;0;1;0;1;0;0;1;0;1;0;1;1;0;0;1;1;0
207;1;0;0;1;1;0;1;0;1;0;1;0;1;0;0;1;1;0;0;1;1;0;0;1;1;0;1;0;1;0;1;0;1;0;0;1;0;1;1;0;0;1;0;1;1;0;1;0;0;1;0;1;0;1;1;0;1;0;0;1
208;0;1;1;0;1;0;1;0;1;0;0;1;0;1;0;1;1;0;1;0;1;0;0;1;0;1;1;0;0;1;1;0;1;0;0;1;0;1;0;1;1;0;0;1;1;0;1;0;0;1;0;1;0;1;1;0;0;1;0;1
209;1;0;0;1;1;0;1;0;1;0;0;1;1;0;1;0;1;0;1;0;1;0;0;1;1;0;0;1;0;1;1;0;1;0;0;1;0;1;1;0;1;0;0;1;1;0;1;0;0;1;0;1;0;1;1;0;0;1;1;0
210;1;0;0;1;1;0;1;0;1;0;1;0;1;0;0;1;1;0;1;0;1;0;0;1;1;0;1;0;0;1;1;0;1;0;0;1;1;0;1;0;1;0;0;1;1;0;1;0;0;1;0;1;0;1;1;0;1;0;0;1
212;1;0;1;0;1;0;1;0;1;0;0;1;1;0;1;0;1;0;0;1;0;1;1;0;1;0;0;1;1;0;0;1;1;0;1;0;0;1;1;0;0;1;1;0;1;0;1;0;0;1;1;0;1;0;1;0;1;0;0;1
213;1;0;1;0;1;0;0;0;0;1;0;1;0;1;1;0;1;0;0;1;1;0;1;0;1;0;0;1;1;0;0;1;1;0;1;0;0;1;1;0;0;1;0;0;0;1;0;1;0;1;1;0;0;1;1;0;0;1;1;0
214;1;0;0;1;1;0;1;0;1;0;0;1;1;0;0;1;1;0;1;0;1;0;0;1;1;0;1;0;0;1;1;0;1;0;1;0;0;1;0;1;1;0;1;0;1;0;1;0;0;1;1;0;1;0;1;0;0;1;1;0
215;1;0;1;0;1;0;1;0;1;0;1;0;0;1;1;0;1;0;1;0;1;0;0;1;1;0;1;0;0;1;1;0;1;0;0;1;1;0;0;1;1;0;1;0;1;0;1;0;0;1;1;0;0;1;1;0;0;1;1;0
216;1;0;0;1;1;0;1;0;1;0;1;0;1;0;1;0;1;0;0;1;1;0;0;1;1;0;1;0;1;0;1;0;1;0;1;0;0;1;0;1;1;0;1;0;1;0;1;0;0;1;1;0;0;1;1;0;0;1;1;0
217;1;0;1;0;1;0;1;0;1;0;1;0;0;1;1;0;0;1;1;0;1;0;1;0;0;1;1;0;0;1;1;0;1;0;0;1;1;0;1;0;1;0;0;1;1;0;1;0;0;1;1;0;0;1;1;0;1;0;1;0
218;0;1;0;1;1;0;1;0;1;0;1;0;0;1;0;1;1;0;1;0;1;0;1;0;0;1;1;0;0;1;1;0;0;1;0;1;0;1;0;1;0;1;1;0;1;0;1;0;0;1;0;1;0;1;1;0;0;1;1;0
219;0;1;1;0;1;0;1;0;1;0;0;1;1;0;1;0;1;0;0;1;1;0;1;0;0;1;1;0;1;0;1;0;1;0;0;1;1;0;1;0;0;1;0;1;1;0;1;0;1;0;1;0;0;1;0;1;1;0;1;0
220;1;0;1;0;1;0;1;0;1;0;1;0;1;0;1;0;1;0;1;0;1;0;0;1;0;1;1;0;1;0;1;0;1;0;1;0;1;0;0;1;1;0;0;1;1;0;1;0;0;1;1;0;1;0;1;0;0;1;0;1
221;0;1;0;1;1;0;1;0;1;0;0;1;0;1;1;0;1;0;0;1;1;0;1;0;0;1;1;0;1;0;1;0;1;0;0;1;1;0;1;0;0;1;0;1;1;0;1;0;0;1;1;0;1;0;1;0;0;1;0;1
222;0;1;0;1;1;0;1;0;1;0;0;1;1;0;1;0;1;0;0;1;1;0;1;0;1;0;0;1;0;1;1;0;1;0;1;0;0;1;1;0;0;1;0;1;0;1;1;0;0;1;1;0;0;1;1;0;0;1;0;1
223;1;0;1;0;1;0;0;1;1;0;0;1;1;0;0;1;1;0;0;1;0;1;1;0;1;0;1;0;1;0;1;0;0;1;0;1;0;1;0;1;1;0;0;1;1;0;1;0;1;0;1;0;1;0;0;1;1;0;0;1
224;0;1;1;0;1;0;1;0;1;0;0;1;1;0;1;0;1;0;0;1;1;0;0;1;1;0;1;0;1;0;1;0;1;0;1;0;0;1;1;0;1;0;1;0;1;0;1;0;0;1;1;0;1;0;1;0;0;1;1;0
225;1;0;1;0;1;0;1;0;1;0;1;0;0;1;1;0;0;1;1;0;1;0;0;1;1;0;1;0;0;1;0;1;1;0;0;1;0;1;0;1;0;1;1;0;1;0;1;0;0;1;0;1;0;1;1;0;0;1;1;0
226;1;0;1;0;1;0;1;0;1;0;0;1;1;0;1;0;1;0;0;1;1;0;0;1;1;0;1;0;0;1;1;0;1;0;1;0;0;1;1;0;1;0;0;1;1;0;1;0;0;1;0;1;1;0;1;0;0;1;0;1
227;0;1;0;1;1;0;1;0;1;0;1;0;1;0;1;0;1;0;0;1;1;0;1;0;0;1;1;0;1;0;1;0;0;1;0;1;0;1;0;1;1;0;0;1;1;0;1;0;1;0;0;1;1;0;1;0;1;0;1;0
228;1;0;1;0;1;0;1;0;1;0;0;1;0;1;0;1;1;0;0;1;1;0;0;1;0;1;1;0;0;1;1;0;1;0;0;1;0;1;1;0;1;0;1;0;0;1;1;0;0;1;0;1;0;1;0;1;1;0;0;1
230;1;0;1;0;1;0;1;0;1;0;1;0;1;0;1;0;1;0;1;0;0;1;0;1;1;0;0;1;0;1;0;1;1;0;0;1;0;1;0;1;0;1;1;0;1;0;1;0;0;1;0;1;1;0;1;0;0;1;0;1
231;1;0;0;1;1;0;1;0;1;0;0;1;0;1;1;0;1;0;1;0;1;0;0;1;0;1;1;0;1;0;1;0;1;0;0;1;1;0;0;1;1;0;0;1;1;0;1;0;0;1;0;1;1;0;1;0;1;0;0;1
232;1;0;1;0;1;0;1;0;1;0;0;1;1;0;0;1;1;0;1;0;1;0;1;0;1;0;1;0;0;1;1;0;1;0;0;1;0;1;1;0;0;1;1;0;1;0;1;0;0;1;0;1;0;1;1;0;0;1;0;1
233;1;0;0;1;1;0;1;0;1;0;1;0;1;0;1;0;1;0;1;0;1;0;1;0;0;1;1;0;0;1;1;0;1;0;1;0;0;1;1;0;0;1;1;0;1;0;1;0;0;1;0;1;1;0;0;1;0;1;0;1
234;1;0;1;0;1;0;1;0;1;0;1;0;1;0;1;0;1;0;1;0;1;0;0;1;0;1;1;0;0;1;0;1;1;0;0;1;0;1;1;0;1;0;0;1;1;0;1;0;0;1;0;1;1;0;1;0;0;1;0;1
235;1;0;1;0;1;0;1;0;1;0;0;1;1;0;1;0;1;0;0;1;1;0;0;1;1;0;1;0;1;0;1;0;1;0;1;0;0;1;1;0;1;0;1;0;1;0;1;0;0;1;1;0;1;0;1;0;1;0;0;1
236;1;0;0;1;1;0;1;0;1;0;1;0;0;1;0;1;1;0;1;0;1;0;0;1;1;0;1;0;0;1;1;0;1;0;0;1;0;1;1;0;1;0;1;0;1;0;1;0;0;1;0;1;0;1;1;0;0;1;1;0
238;1;0;1;0;1;0;1;0;1;0;0;1;0;1;1;0;1;0;0;1;1;0;0;1;0;1;0;1;0;1;1;0;1;0;0;1;0;1;1;0;1;0;0;1;1;0;1;0;0;1;1;0;0;1;1;0;0;1;1;0
240;1;0;0;1;1;0;1;0;1;0;1;0;1;0;1;0;1;0;1;0;1;0;1;0;0;1;1;0;1;0;1;0;1;0;0;1;0;1;1;0;1;0;1;0;1;0;1;0;0;1;0;1;1;0;1;0;0;1;1;0
241;1;0;0;1;1;0;1;0;1;0;1;0;1;0;1;0;1;0;0;1;1;0;0;1;1;0;0;1;1;0;1;0;1;0;0;1;1;0;1;0;0;1;1;0;1;0;1;0;0;1;0;1;0;1;0;1;1;0;0;1
242;1;0;1;0;1;0;1;0;1;0;0;1;1;0;1;0;1;0;0;1;1;0;0;1;1;0;1;0;1;0;1;0;1;0;0;1;0;1;1;0;1;0;1;0;1;0;1;0;0;1;0;1;0;1;1;0;0;1;0;1
243;1;0;1;0;1;0;1;0;1;0;1;0;1;0;1;0;1;0;0;1;1;0;1;0;1;0;1;0;1;0;1;0;1;0;0;1;0;1;1;0;0;1;1;0;0;1;1;0;0;1;1;0;1;0;0;1;0;1;0;1
244;0;1;0;1;1;0;0;1;1;0;0;1;1;0;1;0;1;0;0;1;1;0;0;1;0;1;1;0;0;1;1;0;1;0;0;1;0;1;1;0;1;0;0;1;0;1;1;0;1;0;1;0;0;1;1;0;1;0;0;1
245;0;1;1;0;1;0;1;0;1;0;0;1;1;0;1;0;1;0;0;1;0;1;1;0;1;0;0;1;1;0;1;0;0;1;0;1;0;1;0;1;0;1;1;0;1;0;1;0;0;1;0;1;0;1;1;0;0;1;0;1
246;1;0;0;1;1;0;1;0;1;0;1;0;1;0;0;1;1;0;0;1;1;0;1;0;0;1;1;0;1;0;0;1;1;0;0;1;0;1;1;0;1;0;0;1;1;0;1;0;0;1;0;1;0;1;1;0;1;0;1;0
247;0;1;0;1;1;0;1;0;1;0;1;0;0;1;0;0;0;0;1;0;1;0;0;1;0;1;1;0;0;1;1;0;1;0;0;1;1;0;0;1;1;0;1;0;1;0;1;0;0;1;1;0;1;0;1;0;0;1;0;1
248;0;1;0;1;1;0;1;0;1;0;1;0;0;1;0;1;1;0;1;0;1;0;0;1;0;1;1;0;0;1;1;0;0;1;1;0;1;0;1;0;1;0;0;1;1;0;1;0;0;1;1;0;1;0;1;0;1;0;0;1
249;1;0;1;0;1;0;1;0;1;0;1;0;1;0;1;0;1;0;1;0;1;0;1;0;1;0;1;0;1;0;1;0;1;0;1;0;0;1;1;0;1;0;1;0;1;0;1;0;0;1;1;0;1;0;1;0;0;1;1;0
250;0;1;0;1;1;0;0;1;1;0;0;1;1;0;1;0;1;0;0;1;1;0;0;1;1;0;1;0;1;0;1;0;0;1;1;0;0;1;1;0;1;0;0;1;1;0;1;0;1;0;1;0;1;0;1;0;1;0;0;1
251;0;1;0;1;1;0;1;0;1;0;1;0;0;1;1;0;1;0;1;0;1;0;0;1;0;1;0;1;0;1;1;0;1;0;0;1;0;1;1;0;1;0;0;1;1;0;1;0;0;1;0;1;1;0;1;0;0;1;1;0
252;1;0;0;1;1;0;1;0;1;0;1;0;1;0;1;0;1;0;0;1;1;0;1;0;1;0;0;1;0;1;1;0;1;0;0;1;1;0;1;0;1;0;1;0;1;0;1;0;0;1;0;1;0;1;1;0;0;1;0;1
253;0;1;0;1;1;0;1;0;1;0;1;0;0;1;1;0;0;1;1;0;1;0;0;1;0;1;0;1;0;1;0;1;1;0;0;1;0;1;1;0;1;0;0;1;1;0;1;0;0;1;0;1;0;1;1;0;1;0;1;0
254;1;0;1;0;1;0;1;0;1;0;0;1;1;0;1;0;1;0;0;1;0;1;1;0;1;0;0;1;1;0;1;0;1;0;0;1;0;1;1;0;0;1;1;0;0;1;1;0;1;0;0;1;0;1;1;0;0;1;1;0
255;0;1;0;1;1;0;1;0;1;0;1;0;0;1;0;1;1;0;1;0;1;0;0;1;0;1;1;0;1;0;1;0;1;0;0;1;0;1;1;0;1;0;0;1;1;0;1;0;0;1;0;1;0;1;1;0;0;1;1;0
256;1;0;1;0;1;0;1;0;1;0;1;0;1;0;1;0;1;0;1;0;1;0;0;1;0;1;1;0;1;0;1;0;1;0;0;1;0;1;1;0;0;1;0;1;1;0;1;0;0;1;0;1;0;1;1;0;1;0;1;0
257;0;1;1;0;1;0;1;0;1;0;0;1;0;1;1;0;1;0;1;0;1;0;0;1;1;0;1;0;1;0;1;0;1;0;0;1;1;0;1;0;1;0;1;0;1;0;1;0;0;1;0;1;0;1;0;1;0;1;0;1
259;1;0;0;1;1;0;1;0;1;0;0;1;1;0;1;0;1;0;0;1;1;0;0;1;1;0;1;0;0;1;1;0;1;0;0;1;1;0;1;0;0;1;1;0;0;1;1;0;0;1;1;0;0;1;1;0;0;1;1;0
260;1;0;0;1;1;0;1;0;1;0;0;1;1;0;1;0;1;0;1;0;1;0;1;0;0;1;1;0;0;1;1;0;0;1;0;1;0;1;1;0;1;0;1;0;1;0;1;0;0;1;1;0;1;0;1;0;0;1;0;1
261;0;1;1;0;1;0;1;0;1;0;1;0;1;0;0;1;1;0;0;1;0;1;0;1;1;0;1;0;1;0;0;1;1;0;0;1;0;1;1;0;1;0;1;0;1;0;1;0;0;1;1;0;0;1;1;0;1;0;0;1
263;1;0;0;1;1;0;1;0;1;0;0;1;1;0;1;0;1;0;0;1;1;0;1;0;0;1;1;0;1;0;1;0;1;0;0;1;0;1;1;0;0;1;1;0;1;0;1;0;0;1;0;1;0;1;1;0;0;1;1;0
264;0;1;0;1;1;0;1;0;1;0;0;1;1;0;1;0;1;0;0;1;1;0;1;0;1;0;1;0;0;1;1;0;1;0;0;1;1;0;1;0;1;0;1;0;1;0;1;0;0;1;1;0;0;1;1;0;1;0;1;0
265;1;0;0;1;1;0;1;0;1;0;0;1;0;1;0;1;1;0;1;0;1;0;0;1;0;1;1;0;1;0;1;0;1;0;0;1;1;0;0;1;0;1;0;1;1;0;1;0;0;1;1;0;1;0;1;0;1;0;0;1
266;0;1;0;1;1;0;1;0;1;0;1;0;1;0;1;0;0;1;1;0;1;0;0;1;0;1;0;1;1;0;1;0;1;0;0;1;1;0;1;0;1;0;0;1;1;0;1;0;1;0;0;1;0;1;1;0;1;0;0;1
267;1;0;0;1;1;0;1;0;1;0;1;0;1;0;1;0;1;0;0;1;1;0;0;1;1;0;1;0;0;1;1;0;1;0;0;1;0;1;1;0;1;0;0;1;1;0;1;0;0;1;1;0;0;1;1;0;1;0;0;1
268;1;0;0;1;1;0;1;0;1;0;1;0;0;1;1;0;0;1;1;0;1;0;0;1;0;1;1;0;0;1;1;0;1;0;0;1;1;0;0;1;1;0;1;0;1;0;1;0;0;1;1;0;1;0;1;0;1;0;0;1
269;1;0;1;0;1;0;1;0;1;0;1;0;1;0;1;0;1;0;0;1;1;0;1;0;1;0;1;0;1;0;1;0;1;0;1;0;0;1;1;0;1;0;0;1;1;0;1;0;0;1;1;0;1;0;1;0;0;1;0;1
270;0;1;0;1;1;0;1;0;1;0;1;0;1;0;1;0;1;0;1;0;0;1;1;0;1;0;1;0;0;1;1;0;1;0;0;1;1;0;1;0;0;1;1;0;1;0;1;0;1;0;0;1;0;1;1;0;0;1;1;0
271;1;0;1;0;1;0;0;1;1;0;1;0;0;1;1;0;1;0;0;1;1;0;0;1;1;0;1;0;0;1;1;0;1;0;0;1;1;0;0;1;1;0;0;1;1;0;1;0;0;1;0;1;0;1;1;0;0;1;1;0
272;0;1;1;0;0;1;1;0;1;0;0;1;1;0;0;1;1;0;1;0;1;0;0;1;0;1;1;0;1;0;1;0;0;1;1;0;0;1;0;1;0;1;1;0;1;0;1;0;1;0;0;1;1;0;1;0;1;0;1;0
273;1;0;1;0;1;0;1;0;1;0;0;0;0;1;0;1;0;1;1;0;1;0;0;1;0;1;1;0;0;1;1;0;1;0;0;1;1;0;1;0;1;0;0;1;1;0;1;0;0;1;1;0;0;1;1;0;0;1;1;0
274;1;0;0;1;1;0;1;0;1;0;0;0;1;0;1;0;1;0;1;0;1;0;1;0;1;0;1;0;1;0;1;0;1;0;0;1;0;1;1;0;1;0;1;0;1;0;1;0;0;1;1;0;1;0;1;0;0;1;0;1
276;1;0;1;0;1;0;1;0;1;0;1;0;0;1;1;0;0;1;1;0;0;0;1;0;1;0;0;1;0;1;0;1;1;0;0;1;0;1;0;1;1;0;1;0;1;0;1;0;0;1;1;0;0;1;1;0;0;1;1;0
277;0;1;0;1;1;0;1;0;1;0;0;1;0;1;1;0;0;1;0;1;1;0;1;0;0;1;1;0;0;1;1;0;1;0;0;1;1;0;1;0;1;0;0;1;1;0;1;0;1;0;1;0;0;1;1;0;1;0;1;0
278;0;1;1;0;1;0;1;0;1;0;0;1;1;0;0;1;1;0;0;1;0;1;0;1;1;0;1;0;1;0;1;0;1;0;0;1;0;1;1;0;0;1;1;0;1;0;0;1;0;1;1;0;0;1;1;0;1;0;1;0
279;1;0;0;1;1;0;1;0;1;0;1;0;0;1;0;1;1;0;1;0;1;0;0;1;0;1;1;0;1;0;1;0;1;0;0;1;1;0;1;0;1;0;0;1;1;0;1;0;0;1;0;1;1;0;1;0;1;0;0;1
280;1;0;0;1;1;0;1;0;1;0;0;1;1;0;1;0;1;0;0;1;0;1;1;0;1;0;1;0;0;1;1;0;1;0;1;0;1;0;1;0;0;1;1;0;1;0;1;0;0;1;0;1;0;1;1;0;1;0;1;0
281;1;0;1;0;1;0;1;0;1;0;1;0;0;1;1;0;0;1;0;1;1;0;1;0;0;1;0;1;0;1;1;0;1;0;0;1;1;0;0;1;1;0;0;1;1;0;0;1;1;0;0;1;1;0;0;1;1;0;0;0
282;1;0;0;1;1;0;1;0;1;0;1;0;0;1;1;0;1;0;1;0;1;0;0;1;0;1;1;0;1;0;1;0;1;0;0;1;0;1;0;1;1;0;0;1;1;0;1;0;0;1;0;1;1;0;1;0;0;1;1;0
283;0;1;0;1;1;0;1;0;1;0;0;1;1;0;1;0;1;0;0;1;1;0;1;0;1;0;0;1;1;0;0;1;1;0;0;1;0;1;1;0;0;1;1;0;1;0;1;0;0;1;1;0;0;1;1;0;0;1;0;1
284;0;1;0;1;1;0;0;1;1;0;0;1;1;0;1;0;1;0;0;1;1;0;1;0;0;1;1;0;0;1;1;0;1;0;1;0;1;0;1;0;1;0;0;1;1;0;0;1;0;1;1;0;1;0;1;0;1;0;1;0
285;1;0;0;1;1;0;0;1;1;0;0;1;1;0;1;0;1;0;1;0;0;1;1;0;0;1;1;0;0;1;1;0;0;1;0;1;0;1;1;0;0;1;0;1;1;0;1;0;0;1;1;0;1;0;1;0;1;0;0;1
286;1;0;1;0;1;0;1;0;1;0;0;1;0;1;0;1;0;1;1;0;1;0;0;1;1;0;1;0;0;1;1;0;1;0;0;1;0;1;1;0;1;0;0;1;1;0;1;0;0;1;1;0;0;1;1;0;0;1;0;1
287;1;0;0;1;1;0;1;0;1;0;0;1;1;0;0;1;1;0;1;0;0;1;1;0;1;0;1;0;0;1;1;0;0;1;1;0;1;0;0;1;1;0;0;1;1;0;1;0;0;1;1;0;1;0;1;0;0;1;1;0
288;1;0;0;1;1;0;1;0;1;0;1;0;0;1;1;0;1;0;0;1;1;0;0;1;0;1;1;0;0;1;1;0;0;1;0;1;1;0;0;1;1;0;1;0;1;0;1;0;0;1;0;1;1;0;0;1;1;0;0;1
289;0;1;0;1;1;0;1;0;1;0;0;1;1;0;1;0;1;0;0;1;1;0;0;1;1;0;1;0;1;0;1;0;1;0;0;1;0;1;1;0;1;0;0;1;1;0;1;0;0;1;0;1;1;0;1;0;1;0;0;1
290;1;0;0;1;1;0;0;1;1;0;0;1;1;0;0;1;1;0;1;0;0;1;1;0;1;0;1;0;0;1;1;0;1;0;1;0;0;1;1;0;1;0;1;0;1;0;1;0;0;1;1;0;0;1;1;0;0;1;1;0
292;1;0;0;1;1;0;1;0;1;0;0;1;0;1;1;0;1;0;1;0;1;0;1;0;1;0;0;1;0;1;1;0;1;0;0;1;0;1;1;0;1;0;0;1;1;0;1;0;0;1;0;1;0;1;1;0;0;1;1;0
293;0;1;1;0;1;0;0;1;1;0;1;0;1;0;0;1;1;0;1;0;1;0;0;1;0;1;1;0;0;1;1;0;0;1;0;1;0;1;1;0;1;0;1;0;1;0;1;0;0;1;1;0;0;1;1;0;1;0;0;1
294;1;0;1;0;1;0;1;0;1;0;1;0;1;0;1;0;1;0;1;0;1;0;0;1;1;0;1;0;0;1;1;0;1;0;0;1;0;1;0;1;1;0;0;1;1;0;1;0;0;1;0;1;1;0;1;0;0;1;1;0
295;0;1;1;0;1;0;1;0;1;0;1;0;0;1;0;1;0;1;1;0;1;0;0;1;0;1;1;0;0;1;1;0;0;1;0;1;1;0;0;1;1;0;1;0;1;0;1;0;0;1;1;0;0;1;1;0;0;1;1;0
296;0;1;0;1;1;0;1;0;1;0;0;1;0;1;1;0;0;1;1;0;1;0;0;1;0;1;1;0;0;1;1;0;1;0;0;1;0;1;0;1;1;0;0;1;1;0;1;0;0;1;0;1;0;1;1;0;0;1;1;0
297;1;0;0;1;1;0;1;0;1;0;0;1;1;0;1;0;1;0;0;1;1;0;1;0;1;0;1;0;1;0;1;0;1;0;0;1;0;1;1;0;0;1;1;0;1;0;1;0;0;1;1;0;0;1;1;0;1;0;0;1
298;1;0;0;1;1;0;1;0;1;0;1;0;1;0;0;1;1;0;1;0;1;0;0;1;1;0;1;0;1;0;1;0;1;0;0;1;0;1;1;0;1;0;1;0;1;0;1;0;0;1;0;1;0;1;1;0;1;0;0;1
299;1;0;0;1;1;0;1;0;1;0;0;1;1;0;1;0;1;0;1;0;1;0;0;1;0;1;1;0;0;1;1;0;1;0;1;0;1;0;1;0;1;0;0;1;1;0;1;0;0;1;1;0;1;0;1;0;1;0;0;1
301;0;1;0;1;1;0;1;0;1;0;0;1;1;0;1;0;1;0;0;1;1;0;1;0;0;1;1;0;1;0;1;0;0;1;1;0;0;1;1;0;0;1;0;1;1;0;1;0;0;1;1;0;0;1;1;0;1;0;0;1
302;0;1;1;0;1;0;1;0;1;0;1;0;0;1;1;0;1;0;1;0;1;0;1;0;1;0;0;1;0;1;1;0;1;0;0;1;1;0;1;0;0;1;1;0;1;0;1;0;1;0;1;0;0;1;1;0;0;1;0;1
303;1;0;1;0;1;0;1;0;1;0;0;1;1;0;1;0;1;0;0;1;1;0;1;0;1;0;1;0;0;1;0;1;1;0;0;1;0;1;0;1;1;0;1;0;1;0;1;0;0;1;0;1;0;1;1;0;0;1;0;1
304;1;0;1;0;1;0;1;0;1;0;0;1;0;1;0;1;1;0;1;0;1;0;1;0;1;0;1;0;0;1;1;0;1;0;0;1;0;1;1;0;0;1;1;0;1;0;1;0;0;1;1;0;0;1;1;0;1;0;0;1
305;1;0;0;1;1;0;1;0;1;0;1;0;0;1;1;0;0;1;0;1;1;0;0;1;0;1;1;0;0;1;1;0;1;0;0;1;1;0;0;1;1;0;0;1;1;0;1;0;0;1;0;1;0;1;1;0;1;0;0;1
306;1;0;0;1;1;0;1;0;1;0;0;1;0;1;0;1;1;0;1;0;1;0;0;1;1;0;1;0;0;1;1;0;0;1;0;1;1;0;0;1;1;0;0;1;1;0;1;0;0;1;0;1;0;1;1;0;0;1;1;0
307;1;0;0;1;0;1;1;0;1;0;1;0;0;1;1;0;1;0;1;0;1;0;0;1;0;1;1;0;1;0;1;0;0;1;1;0;1;0;1;0;1;0;1;0;1;0;1;0;1;0;1;0;1;0;0;1;1;0;1;0
308;0;1;1;0;1;0;1;0;1;0;0;1;1;0;1;0;1;0;1;0;1;0;0;1;0;1;1;0;0;1;1;0;1;0;1;0;1;0;0;1;1;0;0;1;1;0;1;0;0;1;1;0;1;0;1;0;1;0;0;1
309;1;0;0;1;1;0;1;0;1;0;0;1;1;0;1;0;1;0;0;1;1;0;1;0;0;1;1;0;1;0;0;1;1;0;0;1;0;1;1;0;0;1;1;0;1;0;1;0;0;1;1;0;0;1;1;0;0;1;1;0
310;0;1;0;1;1;0;1;0;1;0;0;1;1;0;1;0;1;0;0;1;1;0;0;1;1;0;1;0;0;1;1;0;1;0;1;0;1;0;0;1;1;0;0;1;1;0;1;0;0;1;0;1;0;1;1;0;1;0;0;1
311;1;0;1;0;1;0;0;1;0;1;1;0;0;1;0;1;1;0;1;0;1;0;0;1;0;1;1;0;1;0;1;0;1;0;0;1;0;1;0;1;1;0;0;0;1;0;1;0;0;1;0;1;0;1;1;0;1;0;0;1
312;1;0;0;1;1;0;1;0;1;0;1;0;1;0;0;1;1;0;1;0;1;0;0;1;1;0;1;0;1;0;1;0;1;0;0;1;0;1;0;1;0;1;1;0;0;1;1;0;0;1;1;0;0;1;0;1;1;0;1;0
313;1;0;0;1;1;0;1;0;1;0;1;0;1;0;1;0;1;0;1;0;1;0;0;1;0;1;1;0;1;0;1;0;1;0;0;1;0;1;1;0;1;0;1;0;1;0;1;0;0;1;0;1;1;0;1;0;0;1;0;1
314;1;0;1;0;1;0;1;0;1;0;0;1;1;0;0;1;1;0;0;1;1;0;1;0;1;0;1;0;1;0;1;0;1;0;0;1;0;1;1;0;0;1;1;0;1;0;1;0;0;1;0;1;1;0;1;0;0;1;0;1
315;1;0;0;1;1;0;0;1;1;0;0;1;0;1;1;0;1;0;1;0;1;0;0;1;0;1;1;0;0;1;1;0;1;0;0;1;1;0;1;0;0;1;0;1;1;0;0;0;0;1;1;0;0;1;1;0;0;1;0;1
316;1;0;1;0;1;0;1;0;1;0;0;1;1;0;1;0;1;0;1;0;1;0;1;0;1;0;0;1;0;1;0;1;1;0;0;1;0;1;1;0;0;1;0;1;1;0;1;0;0;1;1;0;0;1;1;0;1;0;0;1
318;1;0;0;1;1;0;1;0;1;0;1;0;0;1;0;1;1;0;0;1;0;1;1;0;1;0;1;0;1;0;1;0;1;0;0;1;1;0;1;0;0;1;1;0;1;0;1;0;0;1;1;0;1;0;1;0;0;1;0;1
319;0;1;1;0;1;0;1;0;1;0;1;0;0;1;1;0;0;1;1;0;1;0;0;1;1;0;1;0;0;1;0;1;1;0;0;1;0;1;0;1;0;1;0;1;1;0;1;0;0;1;0;1;1;0;0;1;0;1;0;1
320;1;0;0;1;1;0;1;0;1;0;1;0;1;0;1;0;1;0;0;1;1;0;0;1;0;1;1;0;0;1;1;0;1;0;1;0;1;0;1;0;1;0;0;1;1;0;1;0;0;1;0;1;1;0;1;0;1;0;0;1
321;1;0;0;1;1;0;1;0;1;0;0;1;0;1;1;0;0;1;1;0;1;0;1;0;1;0;1;0;1;0;1;0;1;0;0;1;0;1;1;0;1;0;0;1;1;0;1;0;0;1;0;1;0;1;1;0;0;1;1;0
322;1;0;1;0;1;0;1;0;1;0;0;1;0;1;1;0;1;0;1;0;1;0;0;1;1;0;1;0;0;1;1;0;1;0;0;1;1;0;1;0;0;1;0;1;1;0;1;0;0;1;1;0;1;0;1;0;0;1;0;1
323;0;1;1;0;1;0;1;0;1;0;1;0;0;1;1;0;0;1;1;0;1;0;0;1;1;0;0;1;0;1;1;0;1;0;0;1;0;1;1;0;1;0;1;0;1;0;1;0;0;1;0;1;0;1;1;0;0;1;1;0
324;1;0;0;1;1;0;1;0;1;0;1;0;0;1;0;1;1;0;1;0;1;0;0;1;0;1;1;0;1;0;1;0;0;1;0;1;1;0;0;1;1;0;1;0;1;0;1;0;0;1;0;1;1;0;1;0;1;0;1;0
325;0;1;1;0;1;0;0;0;1;0;0;1;1;0;1;0;1;0;0;1;1;0;1;0;0;1;1;0;1;0;0;0;1;0;1;0;1;0;0;1;0;1;1;0;0;1;1;0;0;1;1;0;1;0;0;1;1;0;0;1
326;1;0;0;1;1;0;1;0;1;0;0;1;1;0;1;0;1;0;1;0;1;0;1;0;0;1;1;0;0;1;1;0;1;0;1;0;0;1;1;0;0;1;0;1;1;0;0;1;0;1;0;1;0;1;1;0;1;0;0;1
327;1;0;0;1;0;1;1;0;1;0;0;0;0;1;1;0;1;0;0;1;1;0;0;1;1;0;1;0;1;0;1;0;0;1;0;1;1;0;1;0;1;0;1;0;0;1;1;0;0;1;1;0;1;0;1;0;1;0;0;1
328;1;0;1;0;1;0;1;0;1;0;0;1;1;0;0;1;1;0;0;1;1;0;0;1;1;0;1;0;1;0;0;1;1;0;0;1;0;1;0;1;0;1;1;0;1;0;1;0;0;1;0;1;0;1;1;0;0;1;1;0
329;0;1;1;0;1;0;1;0;1;0;0;1;1;0;1;0;1;0;0;1;1;0;0;1;1;0;1;0;1;0;1;0;1;0;0;1;0;1;1;0;1;0;1;0;1;0;1;0;0;1;1;0;0;1;1;0;0;1;1;0
330;1;0;1;0;1;0;0;1;0;1;0;1;1;0;1;0;1;0;0;1;1;0;1;0;1;0;1;0;0;1;0;1;1;0;1;0;0;1;1;0;1;0;1;0;1;0;1;0;0;1;1;0;0;1;0;1;1;0;1;0
331;1;0;1;0;1;0;1;0;1;0;0;1;1;0;1;0;1;0;0;1;1;0;1;0;1;0;1;0;1;0;1;0;1;0;1;0;0;1;1;0;1;0;1;0;1;0;1;0;0;1;0;1;1;0;1;0;0;1;1;0
332;1;0;0;1;1;0;1;0;0;1;0;1;0;1;1;0;1;0;1;0;1;0;1;0;1;0;1;0;0;1;1;0;1;0;0;1;0;1;1;0;0;1;1;0;0;1;1;0;0;1;0;1;0;1;1;0;0;1;1;0
333;0;1;0;1;1;0;1;0;1;0;0;1;0;1;1;0;1;0;1;0;1;0;1;0;0;1;1;0;0;1;1;0;1;0;1;0;0;1;0;1;0;1;0;1;1;0;1;0;0;1;1;0;1;0;0;1;0;1;0;1
334;1;0;0;1;1;0;1;0;1;0;1;0;1;0;0;1;1;0;1;0;1;0;1;0;1;0;1;0;1;0;1;0;0;1;1;0;1;0;1;0;1;0;1;0;1;0;1;0;0;1;0;1;1;0;1;0;0;1;1;0
335;1;0;0;1;1;0;1;0;1;0;1;0;0;1;1;0;0;1;1;0;1;0;1;0;0;1;1;0;1;0;1;0;1;0;1;0;1;0;1;0;1;0;0;1;1;0;1;0;0;1;1;0;1;0;0;1;1;0;0;1
336;0;1;0;1;0;1;1;0;1;0;0;1;1;0;1;0;1;0;0;1;0;1;1;0;0;1;1;0;1;0;1;0;0;1;1;0;1;0;1;0;0;1;0;1;1;0;1;0;1;0;0;1;0;1;1;0;0;1;1;0
337;1;0;1;0;1;0;1;0;1;0;0;1;1;0;1;0;1;0;0;1;1;0;1;0;1;0;1;0;0;1;1;0;1;0;0;1;0;1;1;0;1;0;1;0;1;0;1;0;0;1;0;1;0;1;1;0;0;1;1;0
338;1;0;0;1;1;0;1;0;1;0;0;1;0;1;1;0;1;0;1;0;1;0;1;0;1;0;1;0;0;1;1;0;1;0;1;0;1;0;1;0;1;0;0;1;1;0;1;0;0;1;1;0;1;0;1;0;0;1;1;0
339;1;0;1;0;1;0;0;1;1;0;1;0;1;0;1;0;1;0;0;1;0;1;1;0;1;0;0;1;0;1;1;0;1;0;0;1;0;1;1;0;0;1;1;0;1;0;1;0;0;1;0;1;1;0;1;0;0;1;0;1
340;1;0;1;0;1;0;1;0;1;0;1;0;1;0;1;0;1;0;1;0;1;0;0;1;0;1;1;0;1;0;1;0;1;0;0;1;1;0;0;1;1;0;0;1;1;0;1;0;0;1;1;0;0;1;1;0;1;0;0;1
341;1;0;0;1;1;0;1;0;1;0;1;0;0;1;1;0;1;0;1;0;1;0;0;1;1;0;0;1;0;1;1;0;1;0;0;1;1;0;0;1;1;0;0;1;1;0;1;0;0;1;0;1;1;0;1;0;1;0;0;1
342;1;0;1;0;1;0;1;0;0;1;0;1;0;1;1;0;1;0;1;0;1;0;0;1;0;1;0;1;1;0;0;1;1;0;0;1;0;1;1;0;1;0;1;0;1;0;1;0;1;0;0;1;0;1;1;0;0;1;1;0
343;0;1;1;0;1;0;1;0;1;0;1;0;0;1;0;1;0;1;1;0;1;0;0;1;1;0;0;1;0;1;1;0;1;0;0;1;0;1;0;1;1;0;1;0;1;0;1;0;0;1;0;1;0;1;1;0;0;1;1;0
344;0;1;0;1;1;0;1;0;1;0;1;0;1;0;1;0;1;0;0;1;1;0;1;0;0;1;1;0;1;0;1;0;1;0;0;1;0;1;1;0;1;0;1;0;1;0;1;0;0;1;0;1;0;1;1;0;1;0;0;1
345;1;0;0;1;1;0;0;1;1;0;1;0;0;1;1;0;1;0;1;0;1;0;0;1;1;0;1;0;0;1;1;0;1;0;1;0;0;1;0;1;1;0;0;1;1;0;1;0;0;1;1;0;0;1;1;0;1;0;0;1
346;0;1;1;0;1;0;1;0;1;0;0;1;1;0;1;0;1;0;1;0;1;0;1;0;1;0;0;1;1;0;0;1;1;0;1;0;0;1;1;0;1;0;0;1;1;0;1;0;0;1;1;0;0;1;1;0;0;1;1;0
347;0;1;1;0;1;0;1;0;1;0;0;1;0;1;0;1;0;1;0;1;1;0;0;1;0;1;1;0;0;1;1;0;1;0;0;1;0;1;1;0;1;0;1;0;1;0;1;0;0;1;0;1;0;1;1;0;0;1;0;1
348;1;0;0;1;1;0;1;0;1;0;0;1;0;1;1;0;1;0;1;0;1;0;0;1;1;0;1;0;0;1;1;0;1;0;0;1;1;0;1;0;1;0;0;1;1;0;1;0;0;1;1;0;0;1;1;0;1;0;0;1
349;0;1;1;0;1;0;1;0;1;0;1;0;1;0;1;0;1;0;0;1;1;0;0;1;0;1;0;1;1;0;1;0;1;0;1;0;1;0;1;0;1;0;1;0;1;0;1;0;0;1;0;1;0;1;0;1;1;0;0;1
351;0;1;1;0;1;0;1;0;1;0;1;0;0;1;1;0;1;0;1;0;1;0;0;1;1;0;0;1;0;1;1;0;1;0;0;1;0;1;0;1;0;1;0;1;0;1;1;0;0;1;0;1;0;1;1;0;0;1;1;0
352;1;0;0;1;1;0;1;0;1;0;0;1;1;0;0;1;1;0;1;0;1;0;1;0;1;0;1;0;1;0;1;0;1;0;0;1;0;1;0;1;0;1;1;0;1;0;1;0;0;1;1;0;1;0;1;0;0;1;1;0
353;1;0;1;0;1;0;1;0;1;0;1;0;1;0;1;0;1;0;0;1;1;0;1;0;1;0;1;0;1;0;1;0;1;0;0;1;0;1;0;1;0;1;1;0;1;0;0;1;0;1;1;0;1;0;1;0;0;1;0;1
354;1;0;1;0;1;0;1;0;1;0;1;0;1;0;1;0;1;0;0;1;1;0;0;1;1;0;1;0;1;0;0;1;1;0;0;1;0;1;1;0;1;0;0;1;1;0;1;0;0;1;0;1;0;1;1;0;0;1;1;0
355;0;1;1;0;1;0;0;1;1;0;0;1;1;0;0;1;1;0;0;1;0;1;1;0;1;0;0;1;1;0;0;1;1;0;1;0;0;1;0;1;0;1;0;1;1;0;0;1;1;0;0;1;1;0;1;0;0;1;1;0
356;1;0;1;0;1;0;1;0;1;0;0;1;1;0;1;0;1;0;1;0;1;0;0;1;0;1;1;0;0;1;1;0;1;0;0;1;0;1;1;0;1;0;1;0;1;0;1;0;0;1;1;0;1;0;1;0;0;1;0;1
357;1;0;1;0;1;0;1;0;1;0;0;1;0;1;1;0;1;0;0;1;1;0;0;1;0;1;1;0;0;1;1;0;1;0;0;1;0;1;1;0;0;1;1;0;0;1;0;1;0;1;0;1;0;1;1;0;0;1;0;1
358;1;0;0;1;1;0;1;0;1;0;0;1;1;0;1;0;1;0;1;0;1;0;1;0;0;1;0;1;1;0;1;0;1;0;0;1;0;1;1;0;0;1;0;1;1;0;1;0;1;0;1;0;1;0;1;0;1;0;0;1
360;1;0;1;0;1;0;1;0;1;0;1;0;0;1;1;0;0;1;1;0;1;0;0;1;1;0;0;1;0;1;1;0;1;0;0;1;0;1;1;0;1;0;1;0;1;0;1;0;0;1;0;1;0;1;1;0;0;1;1;0
361;1;0;1;0;1;0;1;0;1;0;1;0;0;1;1;0;1;0;1;0;1;0;0;1;0;1;1;0;0;1;1;0;1;0;0;1;0;1;1;0;1;0;1;0;1;0;1;0;0;1;0;1;1;0;1;0;0;1;0;1
362;1;0;1;0;0;1;0;1;1;0;1;0;1;0;1;0;1;0;0;1;1;0;0;1;0;1;1;0;1;0;1;0;0;1;0;1;1;0;0;1;1;0;0;1;1;0;1;0;0;1;1;0;1;0;0;1;1;0;0;1
363;0;1;0;1;0;1;1;0;1;0;0;1;1;0;1;0;1;0;0;1;1;0;1;0;1;0;0;1;1;0;1;0;1;0;1;0;0;1;1;0;0;1;1;0;0;1;1;0;0;1;1;0;1;0;1;0;1;0;0;1
366;1;0;1;0;1;0;0;1;1;0;0;1;1;0;0;1;1;0;1;0;0;1;0;1;0;1;1;0;1;0;1;0;1;0;0;1;1;0;0;1;1;0;0;1;1;0;1;0;0;1;0;1;1;0;1;0;1;0;0;1
367;1;0;1;0;1;0;1;0;1;0;1;0;0;1;1;0;1;0;1;0;1;0;0;1;1;0;1;0;1;0;1;0;1;0;0;1;0;1;1;0;1;0;0;1;1;0;1;0;0;1;1;0;1;0;1;0;1;0;1;0
501;1;0;1;0;1;0;1;0;1;0;0;1;1;0;1;0;1;0;0;1;1;0;1;0;0;1;1;0;1;0;1;0;0;1;1;0;0;1;0;1;0;1;1;0;1;0;1;0;0;1;0;1;0;1;0;1;0;1;0;1
502;1;0;0;1;1;0;0;1;1;0;0;1;0;1;1;0;1;0;1;0;1;0;1;0;1;0;1;0;1;0;1;0;1;0;1;0;0;1;1;0;1;0;1;0;1;0;1;0;0;1;1;0;1;0;1;0;1;0;0;1
503;0;1;1;0;0;1;1;0;1;0;0;1;1;0;1;0;1;0;0;1;0;1;1;0;1;0;0;1;1;0;1;0;1;0;1;0;0;1;0;1;0;1;1;0;0;1;0;1;0;1;1;0;1;0;1;0;1;0;0;1
504;0;1;0;1;1;0;0;1;1;0;1;0;1;0;1;0;1;0;0;1;1;0;0;1;0;1;1;0;1;0;1;0;0;1;0;1;0;1;1;0;1;0;0;1;1;0;1;0;0;1;0;1;1;0;1;0;1;0;0;1
505;0;1;0;1;1;0;1;0;1;0;1;0;0;1;1;0;0;1;1;0;1;0;0;1;0;1;1;0;0;1;1;0;1;0;0;1;1;0;1;0;1;0;0;1;1;0;1;0;0;1;0;1;0;1;1;0;1;0;0;1
506;1;0;1;0;0;1;1;0;1;0;1;0;1;0;1;0;1;0;0;1;1;0;0;1;1;0;0;1;1;0;1;0;1;0;0;1;0;1;1;0;1;0;1;0;1;0;1;0;0;1;0;1;1;0;1;0;0;1;1;0
507;1;0;0;1;1;0;1;0;1;0;1;0;0;1;1;0;1;0;1;0;1;0;0;1;1;0;0;1;0;1;1;0;1;0;0;1;0;1;1;0;0;1;0;1;1;0;1;0;0;1;0;1;0;1;1;0;0;1;0;1
508;0;1;0;1;1;0;0;1;1;0;1;0;1;0;1;0;1;0;0;1;1;0;0;1;1;0;1;0;0;1;1;0;1;0;0;1;0;1;1;0;1;0;0;1;0;1;1;0;0;1;0;1;0;1;1;0;1;0;1;0
509;0;1;1;0;1;0;1;0;1;0;0;1;0;1;0;1;1;0;1;0;1;0;0;1;0;1;1;0;0;1;0;1;1;0;1;0;1;0;0;1;1;0;0;1;1;0;1;0;1;0;0;1;1;0;1;0;1;0;0;1
510;1;0;1;0;1;0;1;0;1;0;0;1;1;0;1;0;1;0;0;1;1;0;0;1;1;0;0;1;1;0;1;0;1;0;1;0;1;0;1;0;0;1;0;1;1;0;1;0;0;1;0;1;1;0;1;0;0;1;0;1
511;0;1;0;1;1;0;1;0;1;0;1;0;1;0;0;1;1;0;1;0;1;0;0;1;0;1;1;0;0;1;1;0;1;0;0;1;0;1;0;1;1;0;1;0;1;0;1;0;0;1;0;1;0;1;1;0;0;1;0;1
512;1;0;1;0;1;0;1;0;1;0;0;1;0;1;0;1;1;0;1;0;1;0;1;0;1;0;1;0;0;1;0;1;1;0;1;0;0;1;0;1;1;0;1;0;1;0;1;0;1;0;1;0;0;1;1;0;1;0;1;0
513;1;0;1;0;1;0;0;1;1;0;0;1;1;0;1;0;1;0;0;1;1;0;1;0;1;0;1;0;1;0;1;0;1;0;0;1;0;1;1;0;0;1;1;0;0;1;1;0;0;1;1;0;0;1;1;0;0;1;1;0
514;0;1;0;1;1;0;1;0;1;0;1;0;0;1;1;0;0;1;1;0;1;0;0;1;1;0;0;1;0;1;1;0;1;0;0;1;0;1;1;0;1;0;1;0;1;0;1;0;0;1;0;1;0;1;1;0;0;1;1;0
515;0;1;0;1;1;0;1;0;1;0;0;1;0;1;0;1;1;0;1;0;1;0;0;1;1;0;1;0;1;0;1;0;1;0;1;0;0;1;1;0;1;0;0;1;0;1;1;0;0;1;0;1;1;0;1;0;0;1;1;0
516;0;1;1;0;1;0;1;0;1;0;1;0;0;1;1;0;1;0;1;0;1;0;0;1;1;0;1;0;0;1;1;0;1;0;0;1;0;1;1;0;1;0;0;1;1;0;1;0;0;1;0;1;1;0;1;0;0;1;0;1
517;1;0;0;1;1;0;1;0;1;0;1;0;0;1;1;0;0;1;0;1;1;0;0;1;0;1;1;0;0;1;1;0;1;0;0;1;1;0;1;0;1;0;0;1;1;0;1;0;1;0;1;0;0;1;1;0;1;0;1;0
518;0;1;1;0;1;0;1;0;1;0;1;0;1;0;1;0;1;0;1;0;1;0;0;1;1;0;1;0;0;1;1;0;1;0;1;0;0;1;1;0;0;1;0;1;1;0;1;0;0;1;0;1;0;1;1;0;0;1;0;1
519;1;0;1;0;1;0;0;1;1;0;1;0;1;0;0;1;1;0;0;1;0;1;0;1;1;0;1;0;0;1;1;0;1;0;0;1;0;1;1;0;1;0;1;0;1;0;1;0;0;1;0;1;0;1;1;0;0;1;1;0
520;1;0;1;0;1;0;1;0;1;0;0;1;0;1;1;0;1;0;1;0;1;0;0;1;1;0;1;0;1;0;1;0;1;0;1;0;0;1;0;1;1;0;0;1;1;0;1;0;0;1;0;1;0;1;1;0;1;0;1;0
521;0;1;1;0;1;0;1;0;1;0;0;1;0;1;0;1;1;0;1;0;1;0;1;0;0;1;1;0;1;0;1;0;1;0;0;1;0;1;1;0;1;0;0;1;1;0;1;0;0;1;0;1;1;0;1;0;1;0;1;0
522;1;0;1;0;1;0;1;0;1;0;1;0;1;0;0;1;1;0;1;0;1;0;1;0;0;1;1;0;0;1;1;0;1;0;0;1;0;1;0;1;1;0;0;1;1;0;1;0;0;1;0;1;1;0;1;0;0;1;1;0
523;1;0;0;1;1;0;1;0;1;0;0;1;1;0;1;0;1;0;0;1;1;0;0;1;0;1;0;1;1;0;1;0;1;0;0;1;0;1;1;0;0;1;0;1;1;0;1;0;1;0;0;1;0;1;1;0;0;1;1;0
524;1;0;0;1;1;0;1;0;1;0;1;0;1;0;1;0;1;0;0;1;1;0;1;0;0;1;0;1;0;1;0;1;1;0;0;1;1;0;1;0;1;0;0;1;0;1;1;0;1;0;0;1;0;1;1;0;1;0;0;1
525;1;0;1;0;1;0;1;0;1;0;0;1;1;0;0;0;1;0;0;1;0;1;1;0;1;0;1;0;1;0;1;0;1;0;0;1;0;1;1;0;0;1;1;0;0;1;1;0;0;1;1;0;1;0;1;0;0;1;1;0
526;1;0;1;0;1;0;1;0;1;0;0;1;1;0;1;0;1;0;1;0;1;0;1;0;1;0;1;0;0;1;1;0;1;0;1;0;0;1;0;1;1;0;0;1;1;0;1;0;0;1;0;1;1;0;1;0;0;1;0;1
527;0;1;1;0;1;0;1;0;1;0;0;1;1;0;0;1;1;0;0;1;1;0;1;0;0;1;0;1;1;0;1;0;1;0;0;1;0;1;1;0;1;0;0;1;1;0;1;0;1;0;1;0;1;0;0;1;0;1;1;0
528;0;1;0;1;1;0;1;0;1;0;1;0;0;1;1;0;1;0;0;1;1;0;0;1;0;1;1;0;1;0;1;0;1;0;0;1;0;1;1;0;1;0;1;0;1;0;1;0;0;1;0;1;0;1;1;0;1;0;1;0
529;1;0;1;0;1;0;1;0;1;0;1;0;0;1;1;0;0;1;1;0;1;0;0;1;0;1;1;0;0;1;1;0;1;0;0;1;1;0;0;1;1;0;0;1;1;0;1;0;1;0;1;0;0;1;1;0;1;0;0;1
530;1;0;1;0;0;1;1;0;1;0;1;0;1;0;1;0;1;0;0;1;1;0;1;0;1;0;0;1;1;0;0;1;1;0;1;0;0;1;1;0;1;0;1;0;0;1;1;0;0;1;0;1;0;1;1;0;0;1;1;0
531;1;0;0;1;1;0;1;0;1;0;0;1;1;0;1;0;1;0;1;0;1;0;1;0;0;1;1;0;0;1;1;0;1;0;0;1;0;1;0;1;0;1;1;0;1;0;1;0;0;1;1;0;0;1;1;0;0;1;1;0
532;0;1;1;0;1;0;1;0;1;0;1;0;1;0;1;0;1;0;0;1;1;0;0;1;1;0;1;0;1;0;1;0;1;0;0;1;0;1;1;0;0;1;1;0;1;0;1;0;0;1;0;1;1;0;1;0;0;1;1;0
533;0;1;0;1;1;0;0;1;1;0;0;1;1;0;1;0;1;0;1;0;1;0;1;0;1;0;1;0;0;1;1;0;1;0;1;0;0;1;0;1;0;1;0;1;0;1;1;0;1;0;1;0;1;0;1;0;1;0;1;0
534;0;1;1;0;1;0;1;0;1;0;0;1;1;0;1;0;1;0;0;1;1;0;1;0;1;0;1;0;0;1;1;0;1;0;0;1;0;1;1;0;1;0;0;1;0;1;1;0;0;1;1;0;0;1;1;0;1;0;1;0
535;1;0;0;1;1;0;1;0;1;0;0;1;0;1;1;0;1;0;1;0;1;0;0;1;1;0;1;0;0;1;1;0;1;0;0;1;0;1;1;0;0;1;0;1;1;0;1;0;0;1;0;1;1;0;1;0;1;0;0;1
536;1;0;0;1;1;0;1;0;1;0;0;1;0;1;1;0;0;1;0;1;1;0;0;1;0;1;1;0;0;1;1;0;0;1;0;1;0;1;1;0;1;0;0;1;1;0;1;0;0;1;0;1;0;1;1;0;1;0;1;0
537;0;1;0;1;1;0;1;0;1;0;0;1;0;1;1;0;1;0;1;0;1;0;1;0;1;0;1;0;0;1;1;0;1;0;0;1;0;1;1;0;0;1;0;1;1;0;1;0;0;1;0;1;0;1;1;0;1;0;0;1
538;1;0;0;1;1;0;1;0;1;0;1;0;1;0;0;1;1;0;1;0;1;0;0;1;1;0;1;0;0;1;1;0;1;0;0;1;0;1;1;0;1;0;1;0;1;0;1;0;0;1;0;1;1;0;1;0;0;1;1;0
539;1;0;1;0;1;0;1;0;1;0;1;0;0;1;1;0;1;0;1;0;1;0;1;0;1;0;1;0;0;1;1;0;1;0;0;1;0;1;1;0;0;1;1;0;1;0;1;0;0;1;0;1;0;1;1;0;0;1;1;0
540;0;1;0;1;1;0;1;0;1;0;1;0;0;1;1;0;1;0;1;0;1;0;0;1;0;1;1;0;0;1;1;0;1;0;0;1;0;1;1;0;0;1;1;0;1;0;1;0;0;1;0;1;0;1;1;0;0;1;1;0
541;0;1;1;0;1;0;1;0;1;0;0;1;1;0;0;1;1;0;0;1;1;0;0;1;0;1;1;0;1;0;1;0;1;0;0;1;0;1;1;0;1;0;0;1;1;0;1;0;0;1;0;1;1;0;1;0;0;1;1;0
542;0;1;1;0;1;0;1;0;1;0;1;0;0;1;1;0;0;1;1;0;1;0;1;0;0;1;0;1;0;1;1;0;1;0;0;1;0;1;1;0;1;0;0;1;1;0;1;0;0;1;0;1;0;1;1;0;0;1;1;0
543;1;0;0;1;1;0;1;0;1;0;1;0;0;1;1;0;0;1;1;0;1;0;0;1;0;1;0;1;0;1;0;1;1;0;0;1;0;1;1;0;1;0;0;1;1;0;1;0;0;1;0;1;0;1;1;0;0;1;0;1
544;1;0;0;1;1;0;0;1;1;0;0;1;0;1;1;0;1;0;1;0;1;0;0;1;0;1;1;0;0;1;1;0;1;0;0;1;0;1;0;1;0;1;1;0;1;0;1;0;0;1;0;1;0;1;1;0;1;0;1;0
545;0;1;0;1;1;0;1;0;1;0;0;1;1;0;1;0;1;0;1;0;1;0;0;1;0;1;0;1;1;0;1;0;1;0;1;0;1;0;1;0;0;1;0;1;1;0;1;0;0;1;0;1;0;1;1;0;1;0;0;1
546;0;1;1;0;1;0;1;0;1;0;0;1;0;1;1;0;0;1;1;0;1;0;1;0;1;0;0;1;0;1;1;0;1;0;0;1;0;1;1;0;1;0;0;1;0;1;1;0;0;1;0;1;0;1;1;0;0;1;1;0
547;0;1;0;1;1;0;1;0;1;0;0;1;1;0;1;0;1;0;0;0;1;0;0;1;0;1;1;0;1;0;1;0;1;0;1;0;1;0;0;1;0;1;0;1;1;0;0;1;0;1;1;0;0;1;1;0;1;0;0;1
548;1;0;1;0;1;0;1;0;1;0;0;1;1;0;1;0;1;0;1;0;1;0;1;0;1;0;1;0;1;0;1;0;1;0;1;0;0;1;1;0;0;1;0;1;1;0;1;0;0;1;0;1;1;0;0;1;1;0;0;1
549;1;0;1;0;1;0;1;0;1;0;0;1;1;0;0;1;1;0;0;1;1;0;0;1;1;0;1;0;1;0;1;0;1;0;0;1;0;1;1;0;1;0;1;0;1;0;1;0;0;1;0;1;1;0;1;0;1;0;0;1
550;1;0;0;1;1;0;1;0;1;0;0;1;0;1;1;0;0;1;1;0;1;0;1;0;1;0;1;0;0;1;1;0;1;0;0;1;0;1;1;0;1;0;1;0;1;0;1;0;0;1;0;1;1;0;1;0;0;1;1;0
551;1;0;0;1;1;0;1;0;1;0;1;0;0;1;1;0;1;0;1;0;1;0;0;1;0;1;1;0;1;0;1;0;0;1;0;1;0;1;0;1;1;0;0;1;1;0;1;0;0;1;0;1;1;0;1;0;1;0;0;1
552;1;0;0;1;1;0;1;0;1;0;1;0;1;0;1;0;1;0;0;1;1;0;0;1;1;0;0;1;1;0;1;0;1;0;0;1;0;1;1;0;1;0;0;1;1;0;1;0;0;1;0;1;1;0;1;0;0;1;1;0
553;0;1;1;0;1;0;1;0;1;0;0;1;0;1;1;0;1;0;1;0;1;0;0;1;1;0;1;0;0;1;1;0;1;0;0;1;1;0;1;0;1;0;0;1;1;0;1;0;0;1;0;1;1;0;1;0;0;1;1;0
554;0;1;0;1;1;0;1;0;1;0;0;1;1;0;1;0;1;0;1;0;1;0;1;0;0;1;0;1;0;1;1;0;1;0;0;1;0;1;1;0;0;1;1;0;1;0;1;0;0;1;0;1;0;1;1;0;1;0;0;1
555;0;1;0;1;1;0;1;0;1;0;0;1;1;0;1;0;1;0;0;1;1;0;0;1;1;0;0;1;1;0;1;0;1;0;1;0;0;1;1;0;0;1;0;1;0;1;1;0;0;1;1;0;1;0;1;0;1;0;0;1
556;0;1;0;1;1;0;1;0;1;0;0;1;1;0;0;1;1;0;0;1;1;0;0;1;1;0;1;0;1;0;1;0;1;0;0;1;1;0;1;0;0;1;1;0;1;0;1;0;0;1;1;0;1;0;1;0;1;0;0;1
557;1;0;0;1;1;0;1;0;1;0;1;0;1;0;1;0;1;0;0;1;1;0;0;1;0;1;1;0;1;0;1;0;1;0;0;1;1;0;0;1;1;0;1;0;1;0;1;0;0;1;0;1;0;1;1;0;1;0;0;1
558;0;1;0;1;1;0;1;0;1;0;1;0;1;0;1;0;1;0;0;1;1;0;0;1;0;1;1;0;1;0;1;0;1;0;0;1;1;0;1;0;0;1;0;1;1;0;1;0;0;1;0;1;1;0;1;0;1;0;0;1
559;1;0;0;1;1;0;1;0;1;0;1;0;1;0;0;1;1;0;1;0;1;0;0;1;0;1;1;0;1;0;1;0;1;0;0;1;1;0;0;1;1;0;0;1;1;0;1;0;0;1;1;0;1;0;1;0;1;0;0;1
560;0;1;0;1;1;0;1;0;1;0;1;0;1;0;1;0;1;0;0;1;1;0;0;1;1;0;1;0;1;0;1;0;1;0;0;1;0;1;1;0;1;0;1;0;1;0;1;0;0;1;1;0;1;0;1;0;1;0;0;1
561;1;0;0;1;0;1;0;1;1;0;1;0;0;1;0;1;1;0;0;1;1;0;1;0;0;1;1;0;1;0;1;0;1;0;1;0;1;0;0;1;0;1;1;0;1;0;1;0;1;0;0;1;1;0;0;1;1;0;0;1
562;0;1;1;0;1;0;1;0;1;0;0;1;1;0;1;0;0;1;1;0;1;0;1;0;0;1;0;1;0;1;1;0;1;0;1;0;1;0;0;1;0;1;0;1;1;0;1;0;1;0;1;0;0;1;1;0;1;0;0;1
563;0;1;1;0;1;0;1;0;1;0;0;1;1;0;0;1;1;0;0;1;0;1;1;0;1;0;1;0;1;0;1;0;1;0;1;0;0;1;1;0;0;1;1;0;0;1;1;0;0;1;1;0;0;1;1;0;0;1;1;0
564;1;0;0;1;1;0;1;0;1;0;0;1;1;0;1;0;1;0;1;0;1;0;0;1;0;1;0;1;1;0;0;1;1;0;0;1;0;1;1;0;0;1;0;1;1;0;0;1;0;1;1;0;1;0;1;0;0;1;0;1
565;1;0;0;1;1;0;1;0;1;0;0;1;0;1;1;0;1;0;1;0;1;0;1;0;0;1;0;1;0;1;1;0;1;0;1;0;1;0;1;0;0;1;1;0;0;1;1;0;0;1;1;0;1;0;1;0;1;0;0;1
566;1;0;0;1;1;0;1;0;1;0;0;1;1;0;0;1;1;0;1;0;1;0;1;0;0;1;0;1;0;1;1;0;1;0;1;0;0;1;1;0;0;1;1;0;1;0;1;0;0;1;1;0;0;1;0;1;0;1;1;0
567;0;1;1;0;1;0;1;0;1;0;0;1;1;0;1;0;1;0;0;1;1;0;1;0;0;1;1;0;1;0;1;0;1;0;0;1;0;1;1;0;0;1;1;0;1;0;1;0;0;1;0;1;0;1;1;0;0;1;1;0
568;0;1;0;1;1;0;1;0;1;0;0;1;1;0;1;0;1;0;0;1;1;0;0;1;0;1;1;0;1;0;1;0;1;0;0;1;0;1;1;0;1;0;0;1;1;0;1;0;0;1;0;1;1;0;1;0;1;0;0;1
569;0;1;0;1;1;0;1;0;1;0;0;1;0;1;1;0;0;1;1;0;1;0;1;0;0;1;1;0;0;1;1;0;0;1;0;1;1;0;0;1;1;0;1;0;1;0;1;0;0;1;1;0;0;1;1;0;1;0;0;1
570;1;0;0;1;1;0;1;0;1;0;0;1;1;0;1;0;1;0;1;0;1;0;1;0;1;0;1;0;1;0;0;1;1;0;1;0;0;1;1;0;1;0;0;1;1;0;1;0;1;0;1;0;1;0;1;0;1;0;0;1
571;0;1;0;1;1;0;0;1;1;0;0;1;1;0;0;1;1;0;0;1;1;0;1;0;0;1;0;1;1;0;1;0;1;0;0;1;0;1;1;0;0;1;1;0;1;0;1;0;0;1;0;1;0;1;1;0;0;1;0;1
572;1;0;0;0;1;0;1;0;1;0;0;1;0;1;1;0;1;0;1;0;1;0;0;1;0;1;1;0;1;0;1;0;1;0;0;1;0;1;0;1;1;0;0;1;1;0;1;0;1;0;0;1;0;1;1;0;0;1;1;0
573;1;0;0;1;1;0;1;0;1;0;1;0;0;1;1;0;1;0;0;1;1;0;1;0;1;0;1;0;0;1;1;0;1;0;0;1;1;0;0;1;1;0;0;1;1;0;1;0;0;1;0;1;1;0;1;0;0;1;1;0
574;1;0;0;1;0;1;1;0;1;0;0;1;0;1;1;0;0;0;0;1;1;0;0;1;0;1;0;0;0;1;1;0;1;0;1;0;1;0;0;1;1;0;0;1;1;0;1;0;1;0;1;0;1;0;0;0;1;0;0;1
575;0;1;1;0;1;0;1;0;1;0;1;0;0;1;1;0;0;1;1;0;1;0;0;1;0;1;1;0;0;1;1;0;1;0;0;1;0;1;0;1;1;0;0;1;1;0;1;0;0;1;0;1;1;0;1;0;0;1;0;1
576;1;0;0;1;1;0;1;0;1;0;1;0;0;1;1;0;0;1;1;0;1;0;0;1;0;1;1;0;0;1;1;0;1;0;0;1;1;0;0;1;1;0;1;0;1;0;1;0;0;1;0;1;0;1;1;0;1;0;0;1
577;1;0;1;0;1;0;1;0;1;0;1;0;1;0;1;0;1;0;0;1;1;0;0;1;1;0;1;0;1;0;1;0;1;0;0;1;0;1;1;0;1;0;1;0;1;0;1;0;0;1;0;1;1;0;1;0;0;1;0;1
578;1;0;1;0;1;0;1;0;1;0;1;0;0;1;1;0;0;1;1;0;1;0;0;1;0;1;1;0;1;0;1;0;1;0;0;1;1;0;1;0;1;0;1;0;1;0;1;0;1;0;1;0;1;0;1;0;0;1;0;1
579;1;0;0;1;1;0;1;0;1;0;0;1;0;1;1;0;0;1;0;1;1;0;1;0;1;0;1;0;0;1;0;1;1;0;0;1;0;1;1;0;1;0;0;1;0;1;1;0;0;1;1;0;1;0;1;0;0;1;0;1
580;1;0;0;1;1;0;1;0;1;0;0;1;0;1;1;0;1;0;1;0;1;0;0;1;0;1;1;0;0;1;1;0;1;0;0;1;0;1;1;0;1;0;0;1;1;0;1;0;0;1;0;1;0;1;1;0;0;1;1;0
581;1;0;0;1;1;0;1;0;1;0;0;1;1;0;1;0;1;0;0;1;1;0;1;0;1;0;1;0;1;0;1;0;1;0;1;0;0;1;1;0;0;1;0;1;1;0;1;0;0;1;0;1;1;0;0;1;1;0;0;1
582;1;0;1;0;1;0;1;0;1;0;1;0;0;1;1;0;1;0;0;1;1;0;0;1;1;0;1;0;1;0;1;0;0;1;1;0;0;1;0;1;1;0;1;0;1;0;1;0;0;1;1;0;1;0;1;0;1;0;0;1
583;0;1;0;1;1;0;1;0;1;0;0;1;1;0;1;0;1;0;0;1;1;0;0;1;1;0;1;0;1;0;1;0;1;0;1;0;0;1;1;0;0;1;0;1;1;0;1;0;0;1;1;0;1;0;0;1;0;1;1;0
584;1;0;1;0;1;0;1;0;1;0;0;1;1;0;1;0;1;0;1;0;1;0;0;1;0;1;1;0;0;1;1;0;1;0;1;0;0;1;1;0;1;0;0;1;1;0;1;0;0;1;0;1;1;0;1;0;0;1;0;1
585;0;1;1;0;1;0;1;0;1;0;0;1;1;0;1;0;1;0;1;0;1;0;1;0;0;1;0;1;1;0;0;1;0;1;1;0;1;0;0;1;1;0;0;1;1;0;0;1;0;1;1;0;1;0;1;0;1;0;0;1
586;1;0;1;0;1;0;1;0;1;0;0;1;0;1;1;0;1;0;1;0;1;0;1;0;0;1;0;1;0;1;1;0;1;0;0;1;0;1;1;0;0;1;0;1;1;0;1;0;1;0;0;1;0;1;1;0;1;0;1;0
587;1;0;1;0;1;0;1;0;1;0;1;0;1;0;1;0;1;0;0;1;1;0;1;0;1;0;0;1;1;0;1;0;1;0;0;1;0;1;0;1;0;1;1;0;1;0;1;0;0;1;0;1;0;1;1;0;0;1;0;1
588;0;1;0;1;1;0;1;0;1;0;1;0;1;0;1;0;1;0;1;0;1;0;0;1;1;0;0;1;0;1;1;0;1;0;1;0;0;1;0;1;0;1;0;1;0;1;0;1;0;1;0;1;0;1;1;0;0;1;0;1
589;0;1;0;1;0;1;1;0;1;0;1;0;0;1;1;0;0;1;1;0;1;0;0;1;0;1;1;0;1;0;1;0;1;0;1;0;0;1;0;1;0;1;0;1;1;0;1;0;0;1;0;1;0;1;1;0;1;0;0;1
590;1;0;1;0;1;0;0;1;1;0;1;0;1;0;0;1;0;1;1;0;1;0;0;1;0;1;1;0;0;1;1;0;1;0;0;1;1;0;0;1;1;0;0;1;1;0;1;0;1;0;1;0;0;1;1;0;0;1;0;1
591;0;1;0;1;1;0;1;0;1;0;0;1;0;1;1;0;0;1;1;0;1;0;1;0;0;1;0;1;0;1;1;0;1;0;1;0;0;1;1;0;0;1;0;1;1;0;1;0;1;0;1;0;0;1;1;0;0;1;1;0
592;1;0;1;0;1;0;1;0;1;0;0;1;1;0;1;0;1;0;0;1;1;0;1;0;1;0;1;0;1;0;1;0;1;0;0;1;0;1;1;0;0;1;1;0;1;0;0;1;0;1;1;0;1;0;1;0;1;0;0;1
593;0;1;0;1;1;0;1;0;1;0;1;0;1;0;1;0;1;0;0;1;1;0;0;1;1;0;1;0;1;0;1;0;1;0;0;1;0;1;1;0;0;1;0;1;1;0;1;0;0;1;1;0;1;0;1;0;1;0;0;1
594;1;0;1;0;1;0;1;0;1;0;0;1;1;0;1;0;1;0;1;0;1;0;1;0;1;0;1;0;1;0;1;0;1;0;0;1;0;1;1;0;1;0;1;0;1;0;1;0;0;1;0;1;1;0;1;0;0;1;0;1
595;1;0;0;1;1;0;0;1;1;0;0;1;0;1;1;0;1;0;1;0;1;0;0;1;1;0;1;0;0;1;0;1;1;0;0;1;0;1;1;0;1;0;0;1;1;0;1;0;1;0;1;0;0;1;1;0;1;0;0;1
596;0;1;0;1;1;0;1;0;1;0;0;1;1;0;1;0;1;0;0;1;1;0;0;1;1;0;1;0;0;1;1;0;1;0;1;0;0;1;1;0;0;1;0;1;0;1;1;0;0;1;0;1;0;1;1;0;1;0;0;1
597;1;0;1;0;1;0;1;0;1;0;0;1;1;0;1;0;1;0;0;1;0;1;1;0;1;0;1;0;0;1;0;1;1;0;1;0;0;1;1;0;0;1;1;0;0;1;1;0;1;0;1;0;1;0;1;0;0;1;0;1
598;1;0;1;0;1;0;1;0;1;0;0;1;1;0;1;0;1;0;0;1;0;1;1;0;1;0;1;0;0;1;1;0;1;0;1;0;0;1;1;0;0;1;1;0;1;0;1;0;0;1;0;1;0;1;1;0;0;1;1;0
599;0;1;1;0;1;0;1;0;1;0;1;0;0;1;1;0;1;0;1;0;1;0;0;1;0;1;0;1;0;1;1;0;1;0;0;1;1;0;0;1;0;1;1;0;1;0;1;0;1;0;1;0;1;0;1;0;1;0;0;1
600;1;0;0;1;1;0;0;1;1;0;0;1;0;1;1;0;1;0;1;0;1;0;0;1;0;1;1;0;0;1;1;0;0;1;0;1;0;1;0;1;0;1;0;1;0;1;1;0;0;1;0;1;0;1;1;0;1;0;1;0
601;1;0;0;1;1;0;1;0;1;0;1;0;1;0;1;0;1;0;1;0;1;0;0;1;0;1;0;1;0;1;1;0;1;0;0;1;0;1;1;0;1;0;0;1;1;0;1;0;0;1;1;0;0;1;0;1;1;0;1;0
602;0;1;0;1;1;0;1;0;1;0;0;1;0;1;1;0;1;0;1;0;1;0;1;0;1;0;0;1;1;0;1;0;1;0;0;1;1;0;1;0;0;1;1;0;1;0;1;0;0;1;1;0;0;1;1;0;0;1;1;0
603;1;0;1;0;1;0;0;1;1;0;0;1;1;0;0;1;1;0;0;1;0;1;1;0;1;0;1;0;0;0;0;1;1;0;0;1;0;1;1;0;0;1;1;0;0;1;0;1;0;1;1;0;0;1;1;0;0;1;0;1
604;0;1;0;1;1;0;1;0;1;0;1;0;1;0;1;0;1;0;0;1;1;0;1;0;1;0;1;0;1;0;1;0;1;0;1;0;0;1;1;0;0;1;1;0;1;0;1;0;0;1;1;0;0;1;1;0;0;1;0;1
605;1;0;0;1;1;0;1;0;1;0;0;1;0;1;1;0;1;0;1;0;1;0;1;0;0;1;0;1;1;0;1;0;1;0;0;1;0;1;1;0;0;1;1;0;1;0;1;0;1;0;1;0;1;0;1;0;0;1;1;0
606;1;0;0;1;1;0;1;0;1;0;1;0;0;1;1;0;1;0;1;0;1;0;1;0;1;0;0;1;0;1;0;1;1;0;0;1;1;0;0;1;0;1;0;1;0;1;1;0;0;1;1;0;1;0;0;1;1;0;0;1
607;0;1;1;0;1;0;1;0;1;0;0;1;1;0;1;0;1;0;0;1;1;0;1;0;1;0;1;0;1;0;1;0;1;0;0;1;0;1;1;0;0;1;0;1;1;0;1;0;0;1;0;1;0;1;1;0;0;1;0;1
608;1;0;0;1;1;0;1;0;0;1;0;1;1;0;1;0;1;0;0;1;1;0;0;1;1;0;1;0;1;0;1;0;1;0;1;0;1;0;1;0;0;1;1;0;0;1;0;1;0;1;1;0;1;0;1;0;0;1;0;1
609;0;1;1;0;1;0;1;0;1;0;0;1;1;0;1;0;1;0;1;0;1;0;1;0;1;0;1;0;1;0;1;0;1;0;1;0;0;1;0;1;0;1;1;0;1;0;1;0;0;1;1;0;0;1;0;1;0;1;0;1
610;0;1;0;1;1;0;1;0;1;0;0;1;0;1;1;0;1;0;1;0;1;0;0;1;0;1;1;0;0;1;1;0;1;0;0;1;0;1;0;1;0;1;0;1;1;0;1;0;0;1;0;1;1;0;1;0;0;1;0;1
611;1;0;0;1;1;0;1;0;1;0;0;1;0;1;1;0;0;1;1;0;1;0;0;1;0;1;0;1;0;1;1;0;1;0;0;1;1;0;0;1;1;0;0;1;1;0;1;0;1;0;1;0;1;0;1;0;1;0;1;0
612;1;0;1;0;1;0;1;0;1;0;1;0;0;1;1;0;1;0;1;0;1;0;0;1;0;1;1;0;0;1;1;0;1;0;0;1;0;1;0;1;1;0;1;0;1;0;1;0;0;1;0;1;0;1;1;0;0;1;0;1
613;1;0;1;0;1;0;1;0;1;0;0;1;0;1;1;0;1;0;0;1;1;0;0;1;1;0;1;0;1;0;1;0;1;0;0;1;0;1;1;0;1;0;1;0;1;0;1;0;0;1;0;1;0;1;1;0;0;1;1;0
614;1;0;0;1;1;0;1;0;1;0;0;1;0;1;0;1;1;0;0;1;1;0;0;1;0;1;1;0;1;0;1;0;1;0;1;0;1;0;0;1;0;1;0;1;1;0;1;0;0;1;1;0;0;1;1;0;0;1;0;1
615;1;0;0;1;1;0;1;0;1;0;0;1;1;0;1;0;1;0;0;1;0;1;1;0;1;0;1;0;0;1;1;0;1;0;1;0;0;1;1;0;0;1;1;0;1;0;0;1;0;1;1;0;1;0;1;0;0;1;1;0
616;0;1;0;1;1;0;1;0;1;0;0;1;1;0;1;0;1;0;0;1;1;0;1;0;1;0;1;0;1;0;1;0;0;1;1;0;0;1;1;0;0;1;0;1;1;0;1;0;0;1;1;0;1;0;0;1;1;0;0;1
617;0;1;1;0;1;0;1;0;1;0;0;1;1;0;1;0;1;0;0;1;0;1;1;0;1;0;0;1;0;1;1;0;0;1;1;0;0;1;1;0;0;1;1;0;1;0;1;0;0;1;0;1;0;1;1;0;1;0;0;1
618;1;0;0;1;1;0;1;0;1;0;0;1;1;0;1;0;1;0;0;1;1;0;0;1;1;0;1;0;0;1;0;1;1;0;1;0;0;1;1;0;1;0;0;1;1;0;1;0;0;1;1;0;1;0;1;0;0;1;0;1
619;1;0;0;1;1;0;0;1;1;0;0;1;0;1;1;0;1;0;1;0;0;1;0;1;0;1;1;0;0;1;1;0;1;0;0;1;1;0;1;0;0;1;0;1;1;0;1;0;0;1;1;0;0;1;1;0;1;0;0;1
620;0;1;0;1;1;0;1;0;1;0;1;0;1;0;1;0;1;0;0;1;1;0;0;1;1;0;1;0;0;1;1;0;1;0;0;1;0;1;1;0;0;1;0;1;1;0;0;1;0;1;0;1;0;1;1;0;1;0;0;1
621;1;0;0;1;1;0;1;0;1;0;0;1;0;1;1;0;1;0;0;1;1;0;0;1;1;0;1;0;0;1;1;0;1;0;0;1;0;1;1;0;1;0;1;0;1;0;1;0;0;1;0;1;0;1;1;0;0;1;1;0
622;1;0;1;0;1;0;1;0;1;0;1;0;0;1;1;0;1;0;1;0;1;0;1;0;0;1;1;0;1;0;1;0;1;0;0;1;0;1;1;0;1;0;1;0;1;0;1;0;0;1;0;1;0;1;1;0;1;0;1;0
624;1;0;0;1;1;0;1;0;1;0;0;1;1;0;1;0;1;0;0;1;1;0;0;1;1;0;1;0;0;1;0;1;1;0;0;1;1;0;1;0;1;0;0;1;1;0;0;1;0;1;0;1;0;1;1;0;0;1;0;1
625;1;0;0;1;1;0;0;1;1;0;0;1;0;1;1;0;0;1;0;1;1;0;0;1;0;1;1;0;0;1;1;0;0;1;0;1;0;1;0;1;0;1;0;1;1;0;1;0;0;1;0;1;1;0;1;0;1;0;0;1
626;0;1;0;1;1;0;1;0;1;0;0;1;1;0;1;0;1;0;1;0;1;0;0;1;1;0;1;0;1;0;1;0;1;0;1;0;1;0;1;0;1;0;0;1;1;0;1;0;0;1;0;1;1;0;1;0;1;0;0;1
627;0;1;0;1;1;0;1;0;1;0;1;0;1;0;1;0;1;0;0;1;1;0;0;1;1;0;1;0;1;0;1;0;1;0;1;0;0;1;1;0;1;0;0;1;1;0;1;0;0;1;0;1;0;1;1;0;0;1;0;1
628;1;0;0;1;1;0;1;0;1;0;1;0;1;0;1;0;1;0;0;1;1;0;0;1;1;0;1;0;1;0;1;0;1;0;0;1;0;1;1;0;0;1;1;0;1;0;1;0;0;1;0;1;0;1;1;0;1;0;1;0
629;0;1;0;1;1;0;1;0;1;0;0;1;0;1;1;0;0;1;1;0;1;0;1;0;1;0;1;0;0;1;1;0;1;0;1;0;0;1;1;0;1;0;1;0;1;0;1;0;1;0;1;0;0;1;1;0;0;1;1;0
630;1;0;0;1;1;0;1;0;1;0;1;0;1;0;1;0;1;0;1;0;1;0;0;1;1;0;0;1;1;0;1;0;1;0;0;1;0;1;1;0;1;0;1;0;1;0;1;0;0;1;1;0;1;0;1;0;0;1;0;1
631;1;0;0;1;1;0;0;1;1;0;1;0;1;0;0;1;1;0;0;1;1;0;0;1;0;1;1;0;1;0;1;0;1;0;0;1;1;0;1;0;0;1;1;0;1;0;1;0;0;1;1;0;1;0;1;0;1;0;0;1
632;1;0;0;1;1;0;1;0;1;0;1;0;0;1;0;1;1;0;1;0;1;0;0;1;1;0;1;0;1;0;1;0;1;0;1;0;1;0;1;0;1;0;1;0;1;0;1;0;0;1;1;0;0;1;1;0;1;0;0;1
633;1;0;0;1;1;0;0;1;1;0;0;1;0;0;0;1;1;0;0;1;1;0;0;1;1;0;1;0;1;0;1;0;1;0;0;1;1;0;1;0;0;1;1;0;1;0;1;0;0;1;0;1;1;0;1;0;1;0;0;1
634;1;0;1;0;1;0;1;0;1;0;1;0;1;0;1;0;1;0;0;1;1;0;0;1;1;0;1;0;0;1;1;0;1;0;0;1;0;1;0;1;1;0;0;1;1;0;1;0;0;1;0;1;1;0;1;0;0;1;1;0
635;0;1;0;1;1;0;1;0;1;0;1;0;0;1;0;1;0;1;1;0;1;0;0;1;0;1;0;1;0;1;0;1;1;0;0;1;1;0;0;1;0;1;0;1;1;0;0;1;0;1;1;0;0;1;1;0;1;0;0;1
636;1;0;0;1;1;0;1;0;1;0;0;1;0;1;1;0;1;0;0;1;1;0;0;1;1;0;1;0;1;0;1;0;1;0;0;1;1;0;1;0;1;0;1;0;1;0;1;0;0;1;0;1;1;0;1;0;1;0;0;1
637;0;1;0;1;1;0;1;0;1;0;0;1;0;1;1;0;0;1;1;0;1;0;0;1;0;1;1;0;0;1;1;0;1;0;0;1;0;1;1;0;1;0;0;1;1;0;1;0;0;1;0;1;0;1;1;0;0;1;0;1
638;1;0;1;0;1;0;1;0;1;0;0;1;0;1;1;0;1;0;1;0;1;0;1;0;0;1;0;1;0;1;0;1;1;0;0;1;0;1;1;0;1;0;1;0;1;0;1;0;0;1;0;1;0;1;1;0;0;1;1;0
639;1;0;0;1;1;0;1;0;1;0;1;0;0;1;1;0;0;1;1;0;1;0;0;1;0;1;0;1;0;1;1;0;1;0;0;1;1;0;1;0;1;0;1;0;1;0;1;0;0;1;0;1;1;0;1;0;1;0;1;0
640;0;1;1;0;1;0;1;0;1;0;0;1;1;0;1;0;1;0;0;1;1;0;0;1;1;0;0;1;1;0;1;0;1;0;1;0;0;1;1;0;1;0;0;1;1;0;1;0;0;1;1;0;1;0;1;0;1;0;0;1
641;1;0;0;1;1;0;1;0;1;0;0;1;1;0;1;0;1;0;0;1;1;0;1;0;1;0;0;1;1;0;0;1;1;0;1;0;1;0;1;0;0;1;1;0;0;1;1;0;1;0;0;1;0;1;1;0;1;0;0;1
642;1;0;1;0;1;0;1;0;1;0;1;0;1;0;1;0;1;0;0;1;0;1;0;1;0;1;1;0;1;0;1;0;1;0;1;0;0;1;1;0;1;0;1;0;1;0;1;0;0;1;1;0;1;0;1;0;1;0;1;0
643;0;1;0;1;1;0;1;0;1;0;0;1;1;0;0;1;1;0;0;1;1;0;0;1;1;0;1;0;1;0;1;0;1;0;0;1;0;1;1;0;1;0;0;1;1;0;1;0;0;1;1;0;0;1;1;0;1;0;0;1
644;0;1;1;0;1;0;1;0;1;0;1;0;1;0;1;0;1;0;1;0;1;0;0;1;0;1;0;1;1;0;1;0;1;0;1;0;0;1;0;1;0;1;1;0;0;1;1;0;1;0;0;1;1;0;1;0;0;1;1;0
645;0;1;0;1;1;0;1;0;1;0;0;1;1;0;1;0;1;0;0;1;1;0;0;1;1;0;1;0;0;1;1;0;1;0;1;0;0;1;1;0;0;1;0;1;1;0;1;0;0;1;0;1;0;1;1;0;1;0;1;0
646;0;1;0;1;1;0;0;1;1;0;0;1;0;1;0;1;1;0;1;0;1;0;1;0;1;0;1;0;0;1;1;0;0;1;1;0;1;0;1;0;0;1;0;1;1;0;1;0;1;0;1;0;1;0;1;0;0;1;1;0
647;1;0;0;1;1;0;0;1;1;0;1;0;1;0;1;0;1;0;1;0;1;0;0;1;1;0;0;1;1;0;1;0;1;0;0;1;0;1;1;0;1;0;1;0;1;0;1;0;0;1;1;0;1;0;1;0;0;1;1;0
648;1;0;0;1;1;0;1;0;1;0;0;1;1;0;1;0;1;0;0;1;1;0;0;1;1;0;1;0;0;1;1;0;0;1;1;0;0;1;0;1;1;0;1;0;1;0;1;0;1;0;1;0;1;0;1;0;1;0;0;1
649;1;0;0;1;1;0;0;1;1;0;0;1;0;1;1;0;0;1;1;0;1;0;0;1;0;1;1;0;0;1;1;0;1;0;0;1;1;0;1;0;1;0;0;1;1;0;1;0;0;1;1;0;0;1;1;0;1;0;0;1
650;1;0;0;1;1;0;1;0;1;0;1;0;1;0;1;0;1;0;0;1;1;0;0;1;1;0;0;1;1;0;1;0;1;0;0;1;0;1;1;0;1;0;1;0;0;1;1;0;0;1;1;0;0;1;1;0;0;1;0;1
651;0;1;0;1;1;0;1;0;1;0;0;1;0;1;1;0;1;0;1;0;1;0;0;1;1;0;1;0;0;1;1;0;1;0;1;0;0;1;1;0;0;1;1;0;0;1;1;0;0;1;1;0;0;1;1;0;1;0;0;1
652;1;0;1;0;1;0;1;0;1;0;1;0;1;0;0;1;1;0;0;1;1;0;1;0;1;0;0;1;1;0;1;0;1;0;0;1;0;1;0;1;1;0;1;0;1;0;1;0;0;1;0;1;0;1;1;0;1;0;1;0
653;0;1;0;1;1;0;1;0;1;0;1;0;0;1;1;0;0;1;1;0;1;0;0;1;0;1;1;0;0;1;1;0;1;0;0;1;0;1;1;0;1;0;1;0;1;0;1;0;0;1;0;1;0;1;1;0;0;1;1;0
;;;;;;;;;;;;;;;;;;;;;;;;;;;;;;;;;;;;;;;;;;;;;;;;;;;;;;;;;;;;
;;;;;;;;;;;;;;;;;;;;;;;;;;;;;;;;;;;;;;;;;;;;;;;;;;;;;;;;;;;;
;;;;;;;;;;;;;;;;;;;;;;;;;;;;;;;;;;;;;;;;;;;;;;;;;;;;;;;;;;;;
;;;;;;;;;;;;;;;;;;;;;;;;;;;;;;;;;;;;;;;;;;;;;;;;;;;;;;;;;;;;
;;;;;;;;;;;;;;;;;;;;;;;;;;;;;;;;;;;;;;;;;;;;;;;;;;;;;;;;;;;;
;;;;;;;;;;;;;;;;;;;;;;;;;;;;;;;;;;;;;;;;;;;;;;;;;;;;;;;;;;;;
